demo_key,macro_key,year_key,cause_key,year,val
1,1,1,1,2010,8243
2,1,1,1,2010,7490
3,1,1,1,2010,312
4,1,1,1,2010,250
5,1,1,1,2010,202
6,1,1,1,2010,175
7,1,1,1,2010,160
8,1,1,1,2010,110
1,1,1,2,2010,101
9,1,1,1,2010,166
10,1,1,1,2010,122
11,1,1,1,2010,153
12,1,1,1,2010,125
13,1,1,1,2010,149
14,1,1,1,2010,111
15,1,1,1,2010,158
16,1,1,1,2010,126
17,1,1,1,2010,215
18,1,1,1,2010,151
19,1,1,1,2010,345
20,1,1,1,2010,223
21,1,1,1,2010,460
22,1,1,1,2010,317
23,1,1,1,2010,620
24,1,1,1,2010,435
25,1,1,1,2010,787
26,1,1,1,2010,582
27,1,1,1,2010,685
28,1,1,1,2010,553
29,1,1,1,2010,844
30,1,1,1,2010,802
31,1,1,1,2010,866
32,1,1,1,2010,823
33,1,1,1,2010,6231
34,1,1,1,2010,5762
35,1,1,1,2010,749
36,1,1,1,2010,803
37,1,1,1,2010,842
38,1,1,1,2010,699
39,1,1,1,2010,546
40,1,1,1,2010,645
2,1,1,2,2010,118
3,1,1,2,2010,37
4,1,1,2,2010,29
5,1,1,2,2010,29
6,1,1,2,2010,22
7,1,1,2,2010,54
8,1,1,2,2010,30
9,1,1,2,2010,66
10,1,1,2,2010,39
11,1,1,2,2010,73
12,1,1,2,2010,46
13,1,1,2,2010,74
14,1,1,2,2010,49
15,1,1,2,2010,86
16,1,1,2,2010,60
17,1,1,2,2010,139
18,1,1,2,2010,83
19,1,1,2,2010,267
20,1,1,2,2010,137
21,1,1,2,2010,475
22,1,1,2,2010,229
23,1,1,2,2010,675
24,1,1,2,2010,340
25,1,1,2,2010,905
26,1,1,2,2010,470
27,1,1,2,2010,867
28,1,1,2,2010,519
29,1,1,2,2010,1141
30,1,1,2,2010,722
31,1,1,2,2010,1052
32,1,1,2,2010,757
33,1,1,2,2010,39
34,1,1,2,2010,60
35,1,1,2,2010,858
36,1,1,2,2010,729
37,1,1,2,2010,30
38,1,1,2,2010,26
39,1,1,2,2010,623
40,1,1,2,2010,580
7,1,1,3,2010,28
8,1,1,3,2010,13
9,1,1,3,2010,39
10,1,1,3,2010,19
11,1,1,3,2010,44
12,1,1,3,2010,23
13,1,1,3,2010,42
14,1,1,3,2010,24
15,1,1,3,2010,50
16,1,1,3,2010,29
17,1,1,3,2010,86
18,1,1,3,2010,39
19,1,1,3,2010,174
20,1,1,3,2010,68
21,1,1,3,2010,315
22,1,1,3,2010,133
23,1,1,3,2010,461
24,1,1,3,2010,202
25,1,1,3,2010,666
26,1,1,3,2010,310
27,1,1,3,2010,638
28,1,1,3,2010,343
29,1,1,3,2010,851
30,1,1,3,2010,507
31,1,1,3,2010,790
32,1,1,3,2010,544
35,1,1,3,2010,656
36,1,1,3,2010,541
39,1,1,3,2010,483
40,1,1,3,2010,436
1,1,1,4,2010,39
2,1,1,4,2010,34
3,1,1,4,2010,25
4,1,1,4,2010,19
5,1,1,4,2010,20
6,1,1,4,2010,14
7,1,1,4,2010,19
8,1,1,4,2010,13
9,1,1,4,2010,21
10,1,1,4,2010,14
11,1,1,4,2010,23
12,1,1,4,2010,16
13,1,1,4,2010,25
14,1,1,4,2010,17
15,1,1,4,2010,29
16,1,1,4,2010,22
17,1,1,4,2010,43
18,1,1,4,2010,33
19,1,1,4,2010,77
20,1,1,4,2010,55
21,1,1,4,2010,134
22,1,1,4,2010,75
23,1,1,4,2010,181
24,1,1,4,2010,107
25,1,1,4,2010,212
26,1,1,4,2010,132
27,1,1,4,2010,202
28,1,1,4,2010,148
29,1,1,4,2010,259
30,1,1,4,2010,187
31,1,1,4,2010,236
32,1,1,4,2010,186
35,1,1,4,2010,182
36,1,1,4,2010,166
37,1,1,4,2010,19
38,1,1,4,2010,16
39,1,1,4,2010,126
40,1,1,4,2010,127
1,2,2,1,2011,8177
2,2,2,1,2011,7430
3,2,2,1,2011,306
4,2,2,1,2011,246
5,2,2,1,2011,208
6,2,2,1,2011,174
7,2,2,1,2011,164
8,2,2,1,2011,110
9,2,2,1,2011,174
10,2,2,1,2011,120
11,2,2,1,2011,166
12,2,2,1,2011,126
13,2,2,1,2011,166
14,2,2,1,2011,114
15,2,2,1,2011,173
16,2,2,1,2011,128
17,2,2,1,2011,226
18,2,2,1,2011,149
19,2,2,1,2011,366
20,2,2,1,2011,224
21,2,2,1,2011,492
22,2,2,1,2011,321
23,2,2,1,2011,658
24,2,2,1,2011,440
25,2,2,1,2011,869
26,2,2,1,2011,610
27,2,2,1,2011,747
28,2,2,1,2011,577
29,2,2,1,2011,900
30,2,2,1,2011,825
31,2,2,1,2011,924
32,2,2,1,2011,860
33,2,2,1,2011,6163
34,2,2,1,2011,5729
35,2,2,1,2011,818
36,2,2,1,2011,846
37,2,2,1,2011,853
38,2,2,1,2011,699
39,2,2,1,2011,579
40,2,2,1,2011,677
1,2,2,2,2011,101
2,2,2,2,2011,112
3,2,2,2,2011,36
4,2,2,2,2011,27
5,2,2,2,2011,29
6,2,2,2,2011,21
7,2,2,2,2011,55
8,2,2,2,2011,29
9,2,2,2,2011,69
10,2,2,2,2011,36
11,2,2,2,2011,78
12,2,2,2,2011,44
13,2,2,2,2011,80
14,2,2,2,2011,47
15,2,2,2,2011,92
16,2,2,2,2011,58
17,2,2,2,2011,143
18,2,2,2,2011,78
19,2,2,2,2011,278
20,2,2,2,2011,130
21,2,2,2,2011,498
22,2,2,2,2011,219
23,2,2,2,2011,698
24,2,2,2,2011,323
25,2,2,2,2011,977
26,2,2,2,2011,463
27,2,2,2,2011,919
28,2,2,2,2011,509
29,2,2,2,2011,1187
30,2,2,2,2011,700
31,2,2,2,2011,1093
32,2,2,2,2011,748
33,2,2,2,2011,38
34,2,2,2,2011,57
35,2,2,2,2011,907
36,2,2,2,2011,725
37,2,2,2,2011,31
38,2,2,2,2011,25
39,2,2,2,2011,634
40,2,2,2,2011,568
7,2,2,3,2011,30
8,2,2,3,2011,13
9,2,2,3,2011,42
10,2,2,3,2011,18
11,2,2,3,2011,48
12,2,2,3,2011,22
13,2,2,3,2011,47
14,2,2,3,2011,24
15,2,2,3,2011,55
16,2,2,3,2011,28
17,2,2,3,2011,91
18,2,2,3,2011,37
19,2,2,3,2011,186
20,2,2,3,2011,65
21,2,2,3,2011,339
22,2,2,3,2011,129
23,2,2,3,2011,490
24,2,2,3,2011,193
25,2,2,3,2011,735
26,2,2,3,2011,308
27,2,2,3,2011,692
28,2,2,3,2011,339
29,2,2,3,2011,905
30,2,2,3,2011,494
31,2,2,3,2011,838
32,2,2,3,2011,541
35,2,2,3,2011,708
36,2,2,3,2011,541
39,2,2,3,2011,502
40,2,2,3,2011,429
1,2,2,4,2011,38
2,2,2,4,2011,32
3,2,2,4,2011,23
4,2,2,4,2011,17
5,2,2,4,2011,19
6,2,2,4,2011,14
7,2,2,4,2011,18
8,2,2,4,2011,12
9,2,2,4,2011,20
10,2,2,4,2011,13
11,2,2,4,2011,23
12,2,2,4,2011,15
13,2,2,4,2011,25
14,2,2,4,2011,17
15,2,2,4,2011,29
16,2,2,4,2011,21
17,2,2,4,2011,42
18,2,2,4,2011,31
19,2,2,4,2011,75
20,2,2,4,2011,52
21,2,2,4,2011,131
22,2,2,4,2011,71
23,2,2,4,2011,174
24,2,2,4,2011,101
25,2,2,4,2011,212
26,2,2,4,2011,128
27,2,2,4,2011,199
28,2,2,4,2011,143
29,2,2,4,2011,250
30,2,2,4,2011,178
31,2,2,4,2011,228
32,2,2,4,2011,181
35,2,2,4,2011,179
36,2,2,4,2011,162
37,2,2,4,2011,19
38,2,2,4,2011,15
39,2,2,4,2011,118
40,2,2,4,2011,123
1,3,3,1,2012,8089
2,3,3,1,2012,7367
3,3,3,1,2012,287
4,3,3,1,2012,233
5,3,3,1,2012,199
6,3,3,1,2012,172
7,3,3,1,2012,163
8,3,3,1,2012,115
9,3,3,1,2012,173
10,3,3,1,2012,121
11,3,3,1,2012,173
12,3,3,1,2012,131
13,3,3,1,2012,179
14,3,3,1,2012,122
15,3,3,1,2012,190
16,3,3,1,2012,138
17,3,3,1,2012,232
18,3,3,1,2012,155
19,3,3,1,2012,365
20,3,3,1,2012,232
21,3,3,1,2012,502
22,3,3,1,2012,340
23,3,3,1,2012,664
24,3,3,1,2012,455
25,3,3,1,2012,936
26,3,3,1,2012,663
27,3,3,1,2012,806
28,3,3,1,2012,630
29,3,3,1,2012,939
30,3,3,1,2012,872
31,3,3,1,2012,973
32,3,3,1,2012,924
33,3,3,1,2012,6102
34,3,3,1,2012,5698
35,3,3,1,2012,853
36,3,3,1,2012,873
37,3,3,1,2012,859
38,3,3,1,2012,697
39,3,3,1,2012,588
40,3,3,1,2012,711
1,3,3,2,2012,101
2,3,3,2,2012,113
3,3,3,2,2012,33
4,3,3,2,2012,26
5,3,3,2,2012,28
6,3,3,2,2012,21
7,3,3,2,2012,54
8,3,3,2,2012,31
9,3,3,2,2012,68
10,3,3,2,2012,37
11,3,3,2,2012,81
12,3,3,2,2012,47
13,3,3,2,2012,86
14,3,3,2,2012,51
15,3,3,2,2012,99
16,3,3,2,2012,63
17,3,3,2,2012,145
18,3,3,2,2012,82
19,3,3,2,2012,275
20,3,3,2,2012,137
21,3,3,2,2012,501
22,3,3,2,2012,233
23,3,3,2,2012,694
24,3,3,2,2012,334
25,3,3,2,2012,1041
26,3,3,2,2012,503
27,3,3,2,2012,973
28,3,3,2,2012,553
29,3,3,2,2012,1214
30,3,3,2,2012,740
31,3,3,2,2012,1135
32,3,3,2,2012,803
33,3,3,2,2012,37
34,3,3,2,2012,58
35,3,3,2,2012,933
36,3,3,2,2012,749
37,3,3,2,2012,32
38,3,3,2,2012,25
39,3,3,2,2012,632
40,3,3,2,2012,590
7,3,3,3,2012,30
8,3,3,3,2012,13
9,3,3,3,2012,42
10,3,3,3,2012,18
11,3,3,3,2012,50
12,3,3,3,2012,23
13,3,3,3,2012,51
14,3,3,3,2012,26
15,3,3,3,2012,59
16,3,3,3,2012,31
17,3,3,3,2012,93
18,3,3,3,2012,39
19,3,3,3,2012,185
20,3,3,3,2012,68
21,3,3,3,2012,342
22,3,3,3,2012,136
23,3,3,3,2012,487
24,3,3,3,2012,199
25,3,3,3,2012,786
26,3,3,3,2012,334
27,3,3,3,2012,733
28,3,3,3,2012,367
29,3,3,3,2012,928
30,3,3,3,2012,521
31,3,3,3,2012,872
32,3,3,3,2012,579
35,3,3,3,2012,730
36,3,3,3,2012,557
39,3,3,3,2012,500
40,3,3,3,2012,445
1,3,3,4,2012,38
2,3,3,4,2012,32
3,3,3,4,2012,22
4,3,3,4,2012,17
5,3,3,4,2012,18
6,3,3,4,2012,13
7,3,3,4,2012,18
8,3,3,4,2012,13
9,3,3,4,2012,20
10,3,3,4,2012,13
11,3,3,4,2012,23
12,3,3,4,2012,16
13,3,3,4,2012,27
14,3,3,4,2012,18
15,3,3,4,2012,31
16,3,3,4,2012,23
17,3,3,4,2012,42
18,3,3,4,2012,32
19,3,3,4,2012,74
20,3,3,4,2012,54
21,3,3,4,2012,130
22,3,3,4,2012,75
23,3,3,4,2012,171
24,3,3,4,2012,105
25,3,3,4,2012,223
26,3,3,4,2012,140
27,3,3,4,2012,209
28,3,3,4,2012,156
29,3,3,4,2012,253
30,3,3,4,2012,189
31,3,3,4,2012,235
32,3,3,4,2012,195
35,3,3,4,2012,182
36,3,3,4,2012,169
37,3,3,4,2012,19
38,3,3,4,2012,16
39,3,3,4,2012,118
40,3,3,4,2012,128
1,4,4,1,2013,7859
2,4,4,1,2013,7154
3,4,4,1,2013,277
4,4,4,1,2013,223
5,4,4,1,2013,193
6,4,4,1,2013,165
7,4,4,1,2013,163
8,4,4,1,2013,114
9,4,4,1,2013,170
10,4,4,1,2013,113
11,4,4,1,2013,176
12,4,4,1,2013,126
13,4,4,1,2013,187
14,4,4,1,2013,120
15,4,4,1,2013,196
16,4,4,1,2013,135
17,4,4,1,2013,225
18,4,4,1,2013,148
19,4,4,1,2013,345
20,4,4,1,2013,217
21,4,4,1,2013,492
22,4,4,1,2013,322
23,4,4,1,2013,657
24,4,4,1,2013,435
25,4,4,1,2013,946
26,4,4,1,2013,650
27,4,4,1,2013,852
28,4,4,1,2013,639
29,4,4,1,2013,925
30,4,4,1,2013,836
31,4,4,1,2013,964
32,4,4,1,2013,896
33,4,4,1,2013,5938
34,4,4,1,2013,5529
35,4,4,1,2013,840
36,4,4,1,2013,839
37,4,4,1,2013,860
38,4,4,1,2013,696
39,4,4,1,2013,601
40,4,4,1,2013,708
1,4,4,2,2013,99
2,4,4,2,2013,117
3,4,4,2,2013,31
4,4,4,2,2013,26
5,4,4,2,2013,27
6,4,4,2,2013,21
7,4,4,2,2013,55
8,4,4,2,2013,32
9,4,4,2,2013,67
10,4,4,2,2013,37
11,4,4,2,2013,82
12,4,4,2,2013,47
13,4,4,2,2013,89
14,4,4,2,2013,53
15,4,4,2,2013,102
16,4,4,2,2013,65
17,4,4,2,2013,140
18,4,4,2,2013,82
19,4,4,2,2013,259
20,4,4,2,2013,135
21,4,4,2,2013,486
22,4,4,2,2013,232
23,4,4,2,2013,678
24,4,4,2,2013,332
25,4,4,2,2013,1048
26,4,4,2,2013,514
27,4,4,2,2013,1010
28,4,4,2,2013,580
29,4,4,2,2013,1173
30,4,4,2,2013,739
31,4,4,2,2013,1114
32,4,4,2,2013,809
33,4,4,2,2013,35
34,4,4,2,2013,59
35,4,4,2,2013,918
36,4,4,2,2013,755
37,4,4,2,2013,33
38,4,4,2,2013,27
39,4,4,2,2013,642
40,4,4,2,2013,611
7,4,4,3,2013,29
8,4,4,3,2013,14
9,4,4,3,2013,40
10,4,4,3,2013,18
11,4,4,3,2013,50
12,4,4,3,2013,23
13,4,4,3,2013,51
14,4,4,3,2013,26
15,4,4,3,2013,60
16,4,4,3,2013,31
17,4,4,3,2013,88
18,4,4,3,2013,39
19,4,4,3,2013,172
20,4,4,3,2013,66
21,4,4,3,2013,328
22,4,4,3,2013,134
23,4,4,3,2013,470
24,4,4,3,2013,196
25,4,4,3,2013,784
26,4,4,3,2013,339
27,4,4,3,2013,754
28,4,4,3,2013,382
29,4,4,3,2013,889
30,4,4,3,2013,517
31,4,4,3,2013,848
32,4,4,3,2013,581
35,4,4,3,2013,712
36,4,4,3,2013,559
39,4,4,3,2013,504
40,4,4,3,2013,459
1,4,4,4,2013,38
2,4,4,4,2013,34
3,4,4,4,2013,21
4,4,4,4,2013,17
5,4,4,4,2013,18
6,4,4,4,2013,14
7,4,4,4,2013,18
8,4,4,4,2013,13
9,4,4,4,2013,20
10,4,4,4,2013,13
11,4,4,4,2013,24
12,4,4,4,2013,17
13,4,4,4,2013,28
14,4,4,4,2013,19
15,4,4,4,2013,33
16,4,4,4,2013,23
17,4,4,4,2013,41
18,4,4,4,2013,33
19,4,4,4,2013,71
20,4,4,4,2013,54
21,4,4,4,2013,129
22,4,4,4,2013,76
23,4,4,4,2013,172
24,4,4,4,2013,105
25,4,4,4,2013,231
26,4,4,4,2013,144
27,4,4,4,2013,223
28,4,4,4,2013,165
29,4,4,4,2013,251
30,4,4,4,2013,191
31,4,4,4,2013,238
32,4,4,4,2013,198
35,4,4,4,2013,185
36,4,4,4,2013,172
37,4,4,4,2013,20
38,4,4,4,2013,17
39,4,4,4,2013,123
40,4,4,4,2013,134
1,5,5,1,2014,7468
2,5,5,1,2014,6861
3,5,5,1,2014,274
4,5,5,1,2014,215
5,5,5,1,2014,190
6,5,5,1,2014,160
7,5,5,1,2014,165
8,5,5,1,2014,116
9,5,5,1,2014,167
10,5,5,1,2014,109
11,5,5,1,2014,179
12,5,5,1,2014,127
13,5,5,1,2014,195
14,5,5,1,2014,124
15,5,5,1,2014,206
16,5,5,1,2014,142
17,5,5,1,2014,222
18,5,5,1,2014,150
19,5,5,1,2014,333
20,5,5,1,2014,218
21,5,5,1,2014,509
22,5,5,1,2014,333
23,5,5,1,2014,683
24,5,5,1,2014,456
25,5,5,1,2014,999
26,5,5,1,2014,694
27,5,5,1,2014,950
28,5,5,1,2014,716
29,5,5,1,2014,939
30,5,5,1,2014,869
31,5,5,1,2014,1016
32,5,5,1,2014,948
33,5,5,1,2014,5693
34,5,5,1,2014,5337
35,5,5,1,2014,877
36,5,5,1,2014,882
37,5,5,1,2014,824
38,5,5,1,2014,677
39,5,5,1,2014,677
40,5,5,1,2014,771
1,5,5,2,2014,94
2,5,5,2,2014,115
3,5,5,2,2014,30
4,5,5,2,2014,26
5,5,5,2,2014,25
6,5,5,2,2014,20
7,5,5,2,2014,54
8,5,5,2,2014,32
9,5,5,2,2014,64
10,5,5,2,2014,36
11,5,5,2,2014,82
12,5,5,2,2014,48
13,5,5,2,2014,90
14,5,5,2,2014,56
15,5,5,2,2014,103
16,5,5,2,2014,68
17,5,5,2,2014,134
18,5,5,2,2014,84
19,5,5,2,2014,243
20,5,5,2,2014,136
21,5,5,2,2014,485
22,5,5,2,2014,239
23,5,5,2,2014,676
24,5,5,2,2014,346
25,5,5,2,2014,1072
26,5,5,2,2014,547
27,5,5,2,2014,1074
28,5,5,2,2014,641
29,5,5,2,2014,1140
30,5,5,2,2014,761
31,5,5,2,2014,1137
32,5,5,2,2014,847
33,5,5,2,2014,34
34,5,5,2,2014,58
35,5,5,2,2014,927
36,5,5,2,2014,786
37,5,5,2,2014,32
38,5,5,2,2014,27
39,5,5,2,2014,692
40,5,5,2,2014,653
7,5,5,3,2014,29
8,5,5,3,2014,14
9,5,5,3,2014,39
10,5,5,3,2014,18
11,5,5,3,2014,50
12,5,5,3,2014,24
13,5,5,3,2014,52
14,5,5,3,2014,27
15,5,5,3,2014,61
16,5,5,3,2014,33
17,5,5,3,2014,85
18,5,5,3,2014,40
19,5,5,3,2014,162
20,5,5,3,2014,67
21,5,5,3,2014,329
22,5,5,3,2014,139
23,5,5,3,2014,473
24,5,5,3,2014,204
25,5,5,3,2014,808
26,5,5,3,2014,361
27,5,5,3,2014,808
28,5,5,3,2014,424
29,5,5,3,2014,870
30,5,5,3,2014,534
31,5,5,3,2014,871
32,5,5,3,2014,610
35,5,5,3,2014,723
36,5,5,3,2014,583
39,5,5,3,2014,546
40,5,5,3,2014,492
1,5,5,4,2014,36
2,5,5,4,2014,33
3,5,5,4,2014,19
4,5,5,4,2014,16
5,5,5,4,2014,16
6,5,5,4,2014,13
7,5,5,4,2014,18
8,5,5,4,2014,13
9,5,5,4,2014,18
10,5,5,4,2014,13
11,5,5,4,2014,23
12,5,5,4,2014,17
13,5,5,4,2014,28
14,5,5,4,2014,20
15,5,5,4,2014,32
16,5,5,4,2014,24
17,5,5,4,2014,38
18,5,5,4,2014,33
19,5,5,4,2014,65
20,5,5,4,2014,54
21,5,5,4,2014,125
22,5,5,4,2014,77
23,5,5,4,2014,167
24,5,5,4,2014,109
25,5,5,4,2014,229
26,5,5,4,2014,152
27,5,5,4,2014,231
28,5,5,4,2014,181
29,5,5,4,2014,236
30,5,5,4,2014,196
31,5,5,4,2014,236
32,5,5,4,2014,205
35,5,5,4,2014,182
36,5,5,4,2014,178
37,5,5,4,2014,19
38,5,5,4,2014,17
39,5,5,4,2014,130
40,5,5,4,2014,143
1,6,6,1,2015,7184
2,6,6,1,2015,6564
3,6,6,1,2015,278
4,6,6,1,2015,214
5,6,6,1,2015,189
6,6,6,1,2015,157
7,6,6,1,2015,168
8,6,6,1,2015,117
9,6,6,1,2015,168
10,6,6,1,2015,109
11,6,6,1,2015,181
12,6,6,1,2015,126
13,6,6,1,2015,203
14,6,6,1,2015,127
15,6,6,1,2015,218
16,6,6,1,2015,149
17,6,6,1,2015,230
18,6,6,1,2015,157
19,6,6,1,2015,335
20,6,6,1,2015,221
21,6,6,1,2015,527
22,6,6,1,2015,344
23,6,6,1,2015,718
24,6,6,1,2015,483
25,6,6,1,2015,1054
26,6,6,1,2015,731
27,6,6,1,2015,1030
28,6,6,1,2015,788
29,6,6,1,2015,1010
30,6,6,1,2015,930
31,6,6,1,2015,1068
32,6,6,1,2015,995
33,6,6,1,2015,5514
34,6,6,1,2015,5128
35,6,6,1,2015,907
36,6,6,1,2015,926
37,6,6,1,2015,794
38,6,6,1,2015,654
39,6,6,1,2015,713
40,6,6,1,2015,810
1,6,6,2,2015,91
2,6,6,2,2015,116
3,6,6,2,2015,30
4,6,6,2,2015,26
5,6,6,2,2015,25
6,6,6,2,2015,21
7,6,6,2,2015,54
8,6,6,2,2015,34
9,6,6,2,2015,63
10,6,6,2,2015,37
11,6,6,2,2015,80
12,6,6,2,2015,50
13,6,6,2,2015,90
14,6,6,2,2015,59
15,6,6,2,2015,106
16,6,6,2,2015,73
17,6,6,2,2015,135
18,6,6,2,2015,90
19,6,6,2,2015,238
20,6,6,2,2015,142
21,6,6,2,2015,486
22,6,6,2,2015,255
23,6,6,2,2015,687
24,6,6,2,2015,374
25,6,6,2,2015,1104
26,6,6,2,2015,590
27,6,6,2,2015,1118
28,6,6,2,2015,712
29,6,6,2,2015,1174
30,6,6,2,2015,828
31,6,6,2,2015,1158
32,6,6,2,2015,908
33,6,6,2,2015,32
34,6,6,2,2015,59
35,6,6,2,2015,920
36,6,6,2,2015,839
37,6,6,2,2015,32
38,6,6,2,2015,28
39,6,6,2,2015,697
40,6,6,2,2015,688
7,6,6,3,2015,29
8,6,6,3,2015,15
9,6,6,3,2015,38
10,6,6,3,2015,18
11,6,6,3,2015,49
12,6,6,3,2015,25
13,6,6,3,2015,53
14,6,6,3,2015,29
15,6,6,3,2015,63
16,6,6,3,2015,36
17,6,6,3,2015,86
18,6,6,3,2015,43
19,6,6,3,2015,159
20,6,6,3,2015,70
21,6,6,3,2015,331
22,6,6,3,2015,149
23,6,6,3,2015,482
24,6,6,3,2015,222
25,6,6,3,2015,834
26,6,6,3,2015,391
27,6,6,3,2015,843
28,6,6,3,2015,473
29,6,6,3,2015,899
30,6,6,3,2015,584
31,6,6,3,2015,889
32,6,6,3,2015,658
35,6,6,3,2015,719
36,6,6,3,2015,625
39,6,6,3,2015,551
40,6,6,3,2015,520
1,6,6,4,2015,34
2,6,6,4,2015,33
3,6,6,4,2015,19
4,6,6,4,2015,16
5,6,6,4,2015,16
6,6,6,4,2015,13
7,6,6,4,2015,18
8,6,6,4,2015,14
9,6,6,4,2015,18
10,6,6,4,2015,13
11,6,6,4,2015,23
12,6,6,4,2015,17
13,6,6,4,2015,28
14,6,6,4,2015,21
15,6,6,4,2015,33
16,6,6,4,2015,26
17,6,6,4,2015,38
18,6,6,4,2015,35
19,6,6,4,2015,63
20,6,6,4,2015,56
21,6,6,4,2015,124
22,6,6,4,2015,82
23,6,6,4,2015,167
24,6,6,4,2015,117
25,6,6,4,2015,232
26,6,6,4,2015,162
27,6,6,4,2015,237
28,6,6,4,2015,198
29,6,6,4,2015,239
30,6,6,4,2015,210
31,6,6,4,2015,238
32,6,6,4,2015,216
35,6,6,4,2015,178
36,6,6,4,2015,187
37,6,6,4,2015,19
38,6,6,4,2015,17
39,6,6,4,2015,129
40,6,6,4,2015,148
1,7,7,1,2016,6747
2,7,7,1,2016,6102
3,7,7,1,2016,284
4,7,7,1,2016,219
5,7,7,1,2016,186
6,7,7,1,2016,153
7,7,7,1,2016,168
8,7,7,1,2016,117
9,7,7,1,2016,167
10,7,7,1,2016,107
11,7,7,1,2016,178
12,7,7,1,2016,120
13,7,7,1,2016,208
14,7,7,1,2016,126
15,7,7,1,2016,228
16,7,7,1,2016,149
17,7,7,1,2016,235
18,7,7,1,2016,158
19,7,7,1,2016,325
20,7,7,1,2016,211
21,7,7,1,2016,519
22,7,7,1,2016,335
23,7,7,1,2016,725
24,7,7,1,2016,480
25,7,7,1,2016,1055
26,7,7,1,2016,717
27,7,7,1,2016,1088
28,7,7,1,2016,815
29,7,7,1,2016,1074
30,7,7,1,2016,953
31,7,7,1,2016,1081
32,7,7,1,2016,994
33,7,7,1,2016,5141
34,7,7,1,2016,4712
35,7,7,1,2016,921
36,7,7,1,2016,945
37,7,7,1,2016,767
38,7,7,1,2016,635
39,7,7,1,2016,731
40,7,7,1,2016,836
1,7,7,2,2016,90
2,7,7,2,2016,118
3,7,7,2,2016,29
4,7,7,2,2016,27
5,7,7,2,2016,23
6,7,7,2,2016,20
7,7,7,2,2016,52
8,7,7,2,2016,34
9,7,7,2,2016,60
10,7,7,2,2016,37
11,7,7,2,2016,76
12,7,7,2,2016,48
13,7,7,2,2016,89
14,7,7,2,2016,59
15,7,7,2,2016,106
16,7,7,2,2016,74
17,7,7,2,2016,133
18,7,7,2,2016,90
19,7,7,2,2016,223
20,7,7,2,2016,137
21,7,7,2,2016,460
22,7,7,2,2016,251
23,7,7,2,2016,664
24,7,7,2,2016,372
25,7,7,2,2016,1066
26,7,7,2,2016,584
27,7,7,2,2016,1122
28,7,7,2,2016,733
29,7,7,2,2016,1182
30,7,7,2,2016,849
31,7,7,2,2016,1127
32,7,7,2,2016,912
33,7,7,2,2016,32
34,7,7,2,2016,59
35,7,7,2,2016,895
36,7,7,2,2016,862
37,7,7,2,2016,32
38,7,7,2,2016,30
39,7,7,2,2016,689
40,7,7,2,2016,705
7,7,7,3,2016,29
8,7,7,3,2016,15
9,7,7,3,2016,37
10,7,7,3,2016,19
11,7,7,3,2016,47
12,7,7,3,2016,24
13,7,7,3,2016,53
14,7,7,3,2016,30
15,7,7,3,2016,64
16,7,7,3,2016,36
17,7,7,3,2016,86
18,7,7,3,2016,44
19,7,7,3,2016,151
20,7,7,3,2016,69
21,7,7,3,2016,318
22,7,7,3,2016,148
23,7,7,3,2016,472
24,7,7,3,2016,223
25,7,7,3,2016,816
26,7,7,3,2016,391
27,7,7,3,2016,857
28,7,7,3,2016,490
29,7,7,3,2016,916
30,7,7,3,2016,604
31,7,7,3,2016,875
32,7,7,3,2016,665
35,7,7,3,2016,707
36,7,7,3,2016,647
39,7,7,3,2016,550
40,7,7,3,2016,537
1,7,7,4,2016,34
2,7,7,4,2016,34
3,7,7,4,2016,18
4,7,7,4,2016,17
5,7,7,4,2016,15
6,7,7,4,2016,13
7,7,7,4,2016,16
8,7,7,4,2016,14
9,7,7,4,2016,16
10,7,7,4,2016,12
11,7,7,4,2016,21
12,7,7,4,2016,16
13,7,7,4,2016,26
14,7,7,4,2016,20
15,7,7,4,2016,32
16,7,7,4,2016,26
17,7,7,4,2016,36
18,7,7,4,2016,34
19,7,7,4,2016,56
20,7,7,4,2016,53
21,7,7,4,2016,111
22,7,7,4,2016,79
23,7,7,4,2016,153
24,7,7,4,2016,114
25,7,7,4,2016,212
26,7,7,4,2016,157
27,7,7,4,2016,226
28,7,7,4,2016,199
29,7,7,4,2016,229
30,7,7,4,2016,210
31,7,7,4,2016,220
32,7,7,4,2016,212
35,7,7,4,2016,165
36,7,7,4,2016,187
37,7,7,4,2016,18
38,7,7,4,2016,18
39,7,7,4,2016,121
40,7,7,4,2016,148
1,8,8,1,2017,6226
2,8,8,1,2017,5569
3,8,8,1,2017,286
4,8,8,1,2017,220
5,8,8,1,2017,185
6,8,8,1,2017,150
7,8,8,1,2017,162
8,8,8,1,2017,119
9,8,8,1,2017,162
10,8,8,1,2017,104
11,8,8,1,2017,169
12,8,8,1,2017,112
13,8,8,1,2017,211
14,8,8,1,2017,125
15,8,8,1,2017,234
16,8,8,1,2017,148
17,8,8,1,2017,240
18,8,8,1,2017,158
19,8,8,1,2017,314
20,8,8,1,2017,200
21,8,8,1,2017,508
22,8,8,1,2017,319
23,8,8,1,2017,721
24,8,8,1,2017,465
25,8,8,1,2017,1038
26,8,8,1,2017,691
27,8,8,1,2017,1150
28,8,8,1,2017,841
29,8,8,1,2017,1127
30,8,8,1,2017,978
31,8,8,1,2017,1084
32,8,8,1,2017,993
33,8,8,1,2017,4750
34,8,8,1,2017,4292
35,8,8,1,2017,937
36,8,8,1,2017,961
37,8,8,1,2017,706
38,8,8,1,2017,587
39,8,8,1,2017,749
40,8,8,1,2017,862
1,8,8,2,2017,87
2,8,8,2,2017,117
3,8,8,2,2017,28
4,8,8,2,2017,27
5,8,8,2,2017,23
6,8,8,2,2017,20
7,8,8,2,2017,49
8,8,8,2,2017,35
9,8,8,2,2017,56
10,8,8,2,2017,36
11,8,8,2,2017,71
12,8,8,2,2017,46
13,8,8,2,2017,88
14,8,8,2,2017,60
15,8,8,2,2017,106
16,8,8,2,2017,74
17,8,8,2,2017,132
18,8,8,2,2017,91
19,8,8,2,2017,209
20,8,8,2,2017,131
21,8,8,2,2017,435
22,8,8,2,2017,243
23,8,8,2,2017,636
24,8,8,2,2017,365
25,8,8,2,2017,1019
26,8,8,2,2017,568
27,8,8,2,2017,1135
28,8,8,2,2017,753
29,8,8,2,2017,1182
30,8,8,2,2017,877
31,8,8,2,2017,1091
32,8,8,2,2017,918
33,8,8,2,2017,31
34,8,8,2,2017,58
35,8,8,2,2017,880
36,8,8,2,2017,887
37,8,8,2,2017,31
38,8,8,2,2017,29
39,8,8,2,2017,694
40,8,8,2,2017,736
7,8,8,3,2017,28
8,8,8,3,2017,16
9,8,8,3,2017,36
10,8,8,3,2017,19
11,8,8,3,2017,45
12,8,8,3,2017,23
13,8,8,3,2017,53
14,8,8,3,2017,30
15,8,8,3,2017,65
16,8,8,3,2017,37
17,8,8,3,2017,87
18,8,8,3,2017,45
19,8,8,3,2017,144
20,8,8,3,2017,67
21,8,8,3,2017,305
22,8,8,3,2017,145
23,8,8,3,2017,458
24,8,8,3,2017,221
25,8,8,3,2017,790
26,8,8,3,2017,383
27,8,8,3,2017,877
28,8,8,3,2017,509
29,8,8,3,2017,929
30,8,8,3,2017,630
31,8,8,3,2017,859
32,8,8,3,2017,677
35,8,8,3,2017,706
36,8,8,3,2017,672
39,8,8,3,2017,562
40,8,8,3,2017,566
1,8,8,4,2017,32
2,8,8,4,2017,34
3,8,8,4,2017,17
4,8,8,4,2017,17
5,8,8,4,2017,14
6,8,8,4,2017,13
7,8,8,4,2017,15
8,8,8,4,2017,14
9,8,8,4,2017,15
10,8,8,4,2017,12
11,8,8,4,2017,18
12,8,8,4,2017,15
13,8,8,4,2017,25
14,8,8,4,2017,20
15,8,8,4,2017,30
16,8,8,4,2017,25
17,8,8,4,2017,34
18,8,8,4,2017,34
19,8,8,4,2017,51
20,8,8,4,2017,49
21,8,8,4,2017,100
22,8,8,4,2017,74
23,8,8,4,2017,140
24,8,8,4,2017,109
25,8,8,4,2017,193
26,8,8,4,2017,149
27,8,8,4,2017,216
28,8,8,4,2017,200
29,8,8,4,2017,216
30,8,8,4,2017,210
31,8,8,4,2017,200
32,8,8,4,2017,206
35,8,8,4,2017,152
36,8,8,4,2017,186
37,8,8,4,2017,17
38,8,8,4,2017,18
39,8,8,4,2017,114
40,8,8,4,2017,148
1,9,9,1,2018,5778
2,9,9,1,2018,5111
3,9,9,1,2018,290
4,9,9,1,2018,221
5,9,9,1,2018,188
6,9,9,1,2018,152
7,9,9,1,2018,160
8,9,9,1,2018,124
9,9,9,1,2018,160
10,9,9,1,2018,107
11,9,9,1,2018,163
12,9,9,1,2018,111
13,9,9,1,2018,214
14,9,9,1,2018,130
15,9,9,1,2018,240
16,9,9,1,2018,154
17,9,9,1,2018,248
18,9,9,1,2018,166
19,9,9,1,2018,312
20,9,9,1,2018,201
21,9,9,1,2018,499
22,9,9,1,2018,315
23,9,9,1,2018,733
24,9,9,1,2018,474
25,9,9,1,2018,1046
26,9,9,1,2018,700
27,9,9,1,2018,1206
28,9,9,1,2018,889
29,9,9,1,2018,1226
30,9,9,1,2018,1054
31,9,9,1,2018,1084
32,9,9,1,2018,1009
33,9,9,1,2018,4418
34,9,9,1,2018,3943
35,9,9,1,2018,960
36,9,9,1,2018,985
37,9,9,1,2018,655
38,9,9,1,2018,544
39,9,9,1,2018,767
40,9,9,1,2018,884
1,9,9,2,2018,82
2,9,9,2,2018,115
3,9,9,2,2018,27
4,9,9,2,2018,28
5,9,9,2,2018,23
6,9,9,2,2018,21
7,9,9,2,2018,48
8,9,9,2,2018,38
9,9,9,2,2018,55
10,9,9,2,2018,38
11,9,9,2,2018,68
12,9,9,2,2018,47
13,9,9,2,2018,89
14,9,9,2,2018,65
15,9,9,2,2018,107
16,9,9,2,2018,80
17,9,9,2,2018,135
18,9,9,2,2018,99
19,9,9,2,2018,207
20,9,9,2,2018,137
21,9,9,2,2018,424
22,9,9,2,2018,252
23,9,9,2,2018,640
24,9,9,2,2018,387
25,9,9,2,2018,1028
26,9,9,2,2018,600
27,9,9,2,2018,1176
28,9,9,2,2018,822
29,9,9,2,2018,1265
30,9,9,2,2018,986
31,9,9,2,2018,1082
32,9,9,2,2018,971
33,9,9,2,2018,29
34,9,9,2,2018,57
35,9,9,2,2018,893
36,9,9,2,2018,947
37,9,9,2,2018,29
38,9,9,2,2018,29
39,9,9,2,2018,715
40,9,9,2,2018,798
7,9,9,3,2018,27
8,9,9,3,2018,17
9,9,9,3,2018,35
10,9,9,3,2018,20
11,9,9,3,2018,43
12,9,9,3,2018,24
13,9,9,3,2018,54
14,9,9,3,2018,33
15,9,9,3,2018,66
16,9,9,3,2018,40
17,9,9,3,2018,89
18,9,9,3,2018,49
19,9,9,3,2018,142
20,9,9,3,2018,70
21,9,9,3,2018,298
22,9,9,3,2018,151
23,9,9,3,2018,461
24,9,9,3,2018,236
25,9,9,3,2018,798
26,9,9,3,2018,406
27,9,9,3,2018,910
28,9,9,3,2018,559
29,9,9,3,2018,994
30,9,9,3,2018,712
31,9,9,3,2018,854
32,9,9,3,2018,719
35,9,9,3,2018,717
36,9,9,3,2018,721
39,9,9,3,2018,580
40,9,9,3,2018,617
1,9,9,4,2018,31
2,9,9,4,2018,33
3,9,9,4,2018,17
4,9,9,4,2018,17
5,9,9,4,2018,14
6,9,9,4,2018,13
7,9,9,4,2018,14
8,9,9,4,2018,15
9,9,9,4,2018,14
10,9,9,4,2018,13
11,9,9,4,2018,18
12,9,9,4,2018,16
13,9,9,4,2018,25
14,9,9,4,2018,22
15,9,9,4,2018,31
16,9,9,4,2018,28
17,9,9,4,2018,35
18,9,9,4,2018,37
19,9,9,4,2018,50
20,9,9,4,2018,51
21,9,9,4,2018,97
22,9,9,4,2018,76
23,9,9,4,2018,140
24,9,9,4,2018,114
25,9,9,4,2018,194
26,9,9,4,2018,156
27,9,9,4,2018,223
28,9,9,4,2018,215
29,9,9,4,2018,230
30,9,9,4,2018,233
31,9,9,4,2018,197
32,9,9,4,2018,214
35,9,9,4,2018,152
36,9,9,4,2018,195
37,9,9,4,2018,17
38,9,9,4,2018,18
39,9,9,4,2018,116
40,9,9,4,2018,158
1,10,10,1,2019,5455
2,10,10,1,2019,4743
3,10,10,1,2019,294
4,10,10,1,2019,222
5,10,10,1,2019,189
6,10,10,1,2019,152
7,10,10,1,2019,159
8,10,10,1,2019,126
9,10,10,1,2019,161
10,10,10,1,2019,109
11,10,10,1,2019,164
12,10,10,1,2019,108
13,10,10,1,2019,224
14,10,10,1,2019,128
15,10,10,1,2019,255
16,10,10,1,2019,157
17,10,10,1,2019,262
18,10,10,1,2019,172
19,10,10,1,2019,314
20,10,10,1,2019,201
21,10,10,1,2019,485
22,10,10,1,2019,305
23,10,10,1,2019,738
24,10,10,1,2019,474
25,10,10,1,2019,1048
26,10,10,1,2019,706
27,10,10,1,2019,1255
28,10,10,1,2019,928
29,10,10,1,2019,1330
30,10,10,1,2019,1122
31,10,10,1,2019,1103
32,10,10,1,2019,1031
33,10,10,1,2019,4172
34,10,10,1,2019,3659
35,10,10,1,2019,998
36,10,10,1,2019,1009
37,10,10,1,2019,623
38,10,10,1,2019,516
39,10,10,1,2019,805
40,10,10,1,2019,910
1,10,10,2,2019,77
2,10,10,2,2019,112
3,10,10,2,2019,27
4,10,10,2,2019,28
5,10,10,2,2019,22
6,10,10,2,2019,21
7,10,10,2,2019,47
8,10,10,2,2019,39
9,10,10,2,2019,55
10,10,10,2,2019,40
11,10,10,2,2019,68
12,10,10,2,2019,47
13,10,10,2,2019,93
14,10,10,2,2019,65
15,10,10,2,2019,113
16,10,10,2,2019,83
17,10,10,2,2019,141
18,10,10,2,2019,103
19,10,10,2,2019,206
20,10,10,2,2019,140
21,10,10,2,2019,406
22,10,10,2,2019,249
23,10,10,2,2019,637
24,10,10,2,2019,395
25,10,10,2,2019,1025
26,10,10,2,2019,619
27,10,10,2,2019,1204
28,10,10,2,2019,869
29,10,10,2,2019,1337
30,10,10,2,2019,1069
31,10,10,2,2019,1084
32,10,10,2,2019,1007
33,10,10,2,2019,27
34,10,10,2,2019,55
35,10,10,2,2019,912
36,10,10,2,2019,988
37,10,10,2,2019,28
38,10,10,2,2019,29
39,10,10,2,2019,752
40,10,10,2,2019,862
7,10,10,3,2019,26
8,10,10,3,2019,18
9,10,10,3,2019,35
10,10,10,3,2019,20
11,10,10,3,2019,43
12,10,10,3,2019,24
13,10,10,3,2019,56
14,10,10,3,2019,33
15,10,10,3,2019,70
16,10,10,3,2019,42
17,10,10,3,2019,93
18,10,10,3,2019,51
19,10,10,3,2019,142
20,10,10,3,2019,72
21,10,10,3,2019,287
22,10,10,3,2019,150
23,10,10,3,2019,461
24,10,10,3,2019,242
25,10,10,3,2019,797
26,10,10,3,2019,420
27,10,10,3,2019,935
28,10,10,3,2019,593
29,10,10,3,2019,1054
30,10,10,3,2019,776
31,10,10,3,2019,859
32,10,10,3,2019,750
35,10,10,3,2019,736
36,10,10,3,2019,756
39,10,10,3,2019,611
40,10,10,3,2019,669
1,10,10,4,2019,29
2,10,10,4,2019,32
3,10,10,4,2019,16
4,10,10,4,2019,18
5,10,10,4,2019,14
6,10,10,4,2019,14
7,10,10,4,2019,14
8,10,10,4,2019,15
9,10,10,4,2019,14
10,10,10,4,2019,13
11,10,10,4,2019,18
12,10,10,4,2019,16
13,10,10,4,2019,26
14,10,10,4,2019,22
15,10,10,4,2019,32
16,10,10,4,2019,28
17,10,10,4,2019,36
18,10,10,4,2019,38
19,10,10,4,2019,49
20,10,10,4,2019,52
21,10,10,4,2019,92
22,10,10,4,2019,75
23,10,10,4,2019,137
24,10,10,4,2019,115
25,10,10,4,2019,191
26,10,10,4,2019,159
27,10,10,4,2019,224
28,10,10,4,2019,224
29,10,10,4,2019,239
30,10,10,4,2019,249
31,10,10,4,2019,193
32,10,10,4,2019,218
35,10,10,4,2019,152
36,10,10,4,2019,200
37,10,10,4,2019,16
38,10,10,4,2019,17
39,10,10,4,2019,121
40,10,10,4,2019,167
1,11,11,1,2020,4520
2,11,11,1,2020,3895
3,11,11,1,2020,260
4,11,11,1,2020,198
5,11,11,1,2020,179
6,11,11,1,2020,143
7,11,11,1,2020,158
8,11,11,1,2020,119
9,11,11,1,2020,160
10,11,11,1,2020,105
11,11,11,1,2020,157
12,11,11,1,2020,98
13,11,11,1,2020,215
14,11,11,1,2020,114
15,11,11,1,2020,246
16,11,11,1,2020,141
17,11,11,1,2020,254
18,11,11,1,2020,151
19,11,11,1,2020,291
20,11,11,1,2020,175
21,11,11,1,2020,433
22,11,11,1,2020,262
23,11,11,1,2020,681
24,11,11,1,2020,427
25,11,11,1,2020,963
26,11,11,1,2020,686
27,11,11,1,2020,1216
28,11,11,1,2020,942
29,11,11,1,2020,1346
30,11,11,1,2020,1186
31,11,11,1,2020,1104
32,11,11,1,2020,1053
33,11,11,1,2020,3481
34,11,11,1,2020,3023
35,11,11,1,2020,986
36,11,11,1,2020,1047
37,11,11,1,2020,498
38,11,11,1,2020,411
39,11,11,1,2020,793
40,11,11,1,2020,925
1,11,11,2,2020,71
2,11,11,2,2020,103
3,11,11,2,2020,23
4,11,11,2,2020,25
5,11,11,2,2020,21
6,11,11,2,2020,20
7,11,11,2,2020,46
8,11,11,2,2020,36
9,11,11,2,2020,54
10,11,11,2,2020,38
11,11,11,2,2020,65
12,11,11,2,2020,42
13,11,11,2,2020,88
14,11,11,2,2020,57
15,11,11,2,2020,108
16,11,11,2,2020,74
17,11,11,2,2020,136
18,11,11,2,2020,89
19,11,11,2,2020,190
20,11,11,2,2020,120
21,11,11,2,2020,361
22,11,11,2,2020,211
23,11,11,2,2020,585
24,11,11,2,2020,351
25,11,11,2,2020,941
26,11,11,2,2020,590
27,11,11,2,2020,1158
28,11,11,2,2020,860
29,11,11,2,2020,1340
30,11,11,2,2020,1105
31,11,11,2,2020,1086
32,11,11,2,2020,1006
33,11,11,2,2020,26
34,11,11,2,2020,52
35,11,11,2,2020,911
36,11,11,2,2020,1010
37,11,11,2,2020,25
38,11,11,2,2020,26
39,11,11,2,2020,774
40,11,11,2,2020,907
7,11,11,3,2020,26
8,11,11,3,2020,17
9,11,11,3,2020,35
10,11,11,3,2020,20
11,11,11,3,2020,41
12,11,11,3,2020,21
13,11,11,3,2020,54
14,11,11,3,2020,29
15,11,11,3,2020,67
16,11,11,3,2020,37
17,11,11,3,2020,90
18,11,11,3,2020,44
19,11,11,3,2020,132
20,11,11,3,2020,62
21,11,11,3,2020,257
22,11,11,3,2020,126
23,11,11,3,2020,426
24,11,11,3,2020,214
25,11,11,3,2020,736
26,11,11,3,2020,400
27,11,11,3,2020,905
28,11,11,3,2020,585
29,11,11,3,2020,1062
30,11,11,3,2020,799
31,11,11,3,2020,866
32,11,11,3,2020,747
35,11,11,3,2020,738
36,11,11,3,2020,771
39,11,11,3,2020,632
40,11,11,3,2020,703
1,11,11,4,2020,25
2,11,11,4,2020,29
3,11,11,4,2020,14
4,11,11,4,2020,15
5,11,11,4,2020,13
6,11,11,4,2020,13
7,11,11,4,2020,13
8,11,11,4,2020,14
9,11,11,4,2020,13
10,11,11,4,2020,12
11,11,11,4,2020,16
12,11,11,4,2020,14
13,11,11,4,2020,24
14,11,11,4,2020,19
15,11,11,4,2020,29
16,11,11,4,2020,25
17,11,11,4,2020,34
18,11,11,4,2020,33
19,11,11,4,2020,44
20,11,11,4,2020,44
21,11,11,4,2020,79
22,11,11,4,2020,63
23,11,11,4,2020,121
24,11,11,4,2020,102
25,11,11,4,2020,169
26,11,11,4,2020,152
27,11,11,4,2020,208
28,11,11,4,2020,223
29,11,11,4,2020,231
30,11,11,4,2020,258
31,11,11,4,2020,187
32,11,11,4,2020,220
35,11,11,4,2020,147
36,11,11,4,2020,206
37,11,11,4,2020,14
38,11,11,4,2020,15
39,11,11,4,2020,120
40,11,11,4,2020,177
1,12,12,1,2021,4121
2,12,12,1,2021,3506
3,12,12,1,2021,249
4,12,12,1,2021,194
5,12,12,1,2021,180
6,12,12,1,2021,151
7,12,12,1,2021,163
8,12,12,1,2021,123
9,12,12,1,2021,159
10,12,12,1,2021,111
11,12,12,1,2021,152
12,12,12,1,2021,97
13,12,12,1,2021,201
14,12,12,1,2021,110
15,12,12,1,2021,237
16,12,12,1,2021,137
17,12,12,1,2021,249
18,12,12,1,2021,149
19,12,12,1,2021,281
20,12,12,1,2021,173
21,12,12,1,2021,403
22,12,12,1,2021,254
23,12,12,1,2021,661
24,12,12,1,2021,452
25,12,12,1,2021,960
26,12,12,1,2021,746
27,12,12,1,2021,1253
28,12,12,1,2021,1041
29,12,12,1,2021,1445
30,12,12,1,2021,1331
31,12,12,1,2021,1154
32,12,12,1,2021,1159
33,12,12,1,2021,3166
34,12,12,1,2021,2720
35,12,12,1,2021,1012
36,12,12,1,2021,1120
37,12,12,1,2021,458
38,12,12,1,2021,373
39,12,12,1,2021,783
40,12,12,1,2021,960
1,12,12,2,2021,73
2,12,12,2,2021,111
3,12,12,2,2021,23
4,12,12,2,2021,26
5,12,12,2,2021,22
6,12,12,2,2021,22
7,12,12,2,2021,49
8,12,12,2,2021,40
9,12,12,2,2021,55
10,12,12,2,2021,42
11,12,12,2,2021,65
12,12,12,2,2021,44
13,12,12,2,2021,86
14,12,12,2,2021,59
15,12,12,2,2021,107
16,12,12,2,2021,76
17,12,12,2,2021,137
18,12,12,2,2021,93
19,12,12,2,2021,189
20,12,12,2,2021,126
21,12,12,2,2021,347
22,12,12,2,2021,219
23,12,12,2,2021,588
24,12,12,2,2021,397
25,12,12,2,2021,971
26,12,12,2,2021,682
27,12,12,2,2021,1234
28,12,12,2,2021,1005
29,12,12,2,2021,1482
30,12,12,2,2021,1317
31,12,12,2,2021,1176
32,12,12,2,2021,1176
33,12,12,2,2021,26
34,12,12,2,2021,56
35,12,12,2,2021,968
36,12,12,2,2021,1144
37,12,12,2,2021,25
38,12,12,2,2021,28
39,12,12,2,2021,775
40,12,12,2,2021,988
7,12,12,3,2021,27
8,12,12,3,2021,19
9,12,12,3,2021,35
10,12,12,3,2021,22
11,12,12,3,2021,41
12,12,12,3,2021,23
13,12,12,3,2021,52
14,12,12,3,2021,31
15,12,12,3,2021,66
16,12,12,3,2021,39
17,12,12,3,2021,90
18,12,12,3,2021,47
19,12,12,3,2021,130
20,12,12,3,2021,67
21,12,12,3,2021,245
22,12,12,3,2021,133
23,12,12,3,2021,424
24,12,12,3,2021,247
25,12,12,3,2021,753
26,12,12,3,2021,468
27,12,12,3,2021,956
28,12,12,3,2021,693
29,12,12,3,2021,1164
30,12,12,3,2021,963
31,12,12,3,2021,930
32,12,12,3,2021,883
35,12,12,3,2021,779
36,12,12,3,2021,881
39,12,12,3,2021,628
40,12,12,3,2021,773
1,12,12,4,2021,26
2,12,12,4,2021,31
3,12,12,4,2021,14
4,12,12,4,2021,16
5,12,12,4,2021,13
6,12,12,4,2021,14
7,12,12,4,2021,14
8,12,12,4,2021,15
9,12,12,4,2021,14
10,12,12,4,2021,14
11,12,12,4,2021,17
12,12,12,4,2021,14
13,12,12,4,2021,24
14,12,12,4,2021,19
15,12,12,4,2021,30
16,12,12,4,2021,25
17,12,12,4,2021,35
18,12,12,4,2021,34
19,12,12,4,2021,45
20,12,12,4,2021,45
21,12,12,4,2021,78
22,12,12,4,2021,64
23,12,12,4,2021,125
24,12,12,4,2021,112
25,12,12,4,2021,180
26,12,12,4,2021,170
27,12,12,4,2021,228
28,12,12,4,2021,252
29,12,12,4,2021,265
30,12,12,4,2021,298
31,12,12,4,2021,209
32,12,12,4,2021,248
35,12,12,4,2021,161
36,12,12,4,2021,225
37,12,12,4,2021,14
38,12,12,4,2021,17
39,12,12,4,2021,125
40,12,12,4,2021,186
1,13,13,1,2022,4614
2,13,13,1,2022,3842
3,13,13,1,2022,242
4,13,13,1,2022,192
5,13,13,1,2022,167
6,13,13,1,2022,152
7,13,13,1,2022,134
8,13,13,1,2022,116
9,13,13,1,2022,130
10,13,13,1,2022,99
11,13,13,1,2022,136
12,13,13,1,2022,85
13,13,13,1,2022,182
14,13,13,1,2022,100
15,13,13,1,2022,224
16,13,13,1,2022,131
17,13,13,1,2022,234
18,13,13,1,2022,148
19,13,13,1,2022,260
20,13,13,1,2022,171
21,13,13,1,2022,355
22,13,13,1,2022,238
23,13,13,1,2022,587
24,13,13,1,2022,430
25,13,13,1,2022,867
26,13,13,1,2022,678
27,13,13,1,2022,1126
28,13,13,1,2022,936
29,13,13,1,2022,1356
30,13,13,1,2022,1207
31,13,13,1,2022,1032
32,13,13,1,2022,1023
33,13,13,1,2022,3605
34,13,13,1,2022,3026
35,13,13,1,2022,950
36,13,13,1,2022,999
37,13,13,1,2022,480
38,13,13,1,2022,388
39,13,13,1,2022,748
40,13,13,1,2022,891
1,13,13,2,2022,72
2,13,13,2,2022,114
3,13,13,2,2022,22
4,13,13,2,2022,26
5,13,13,2,2022,20
6,13,13,2,2022,23
7,13,13,2,2022,38
8,13,13,2,2022,38
9,13,13,2,2022,43
10,13,13,2,2022,38
11,13,13,2,2022,56
12,13,13,2,2022,40
13,13,13,2,2022,76
14,13,13,2,2022,54
15,13,13,2,2022,98
16,13,13,2,2022,73
17,13,13,2,2022,124
18,13,13,2,2022,92
19,13,13,2,2022,168
20,13,13,2,2022,123
21,13,13,2,2022,297
22,13,13,2,2022,204
23,13,13,2,2022,512
24,13,13,2,2022,377
25,13,13,2,2022,861
26,13,13,2,2022,626
27,13,13,2,2022,1089
28,13,13,2,2022,902
29,13,13,2,2022,1367
30,13,13,2,2022,1209
31,13,13,2,2022,1028
32,13,13,2,2022,1055
33,13,13,2,2022,27
34,13,13,2,2022,59
35,13,13,2,2022,901
36,13,13,2,2022,1044
37,13,13,2,2022,24
38,13,13,2,2022,28
39,13,13,2,2022,699
40,13,13,2,2022,888
7,13,13,3,2022,22
8,13,13,3,2022,17
9,13,13,3,2022,28
10,13,13,3,2022,20
11,13,13,3,2022,36
12,13,13,3,2022,20
13,13,13,3,2022,46
14,13,13,3,2022,28
15,13,13,3,2022,61
16,13,13,3,2022,37
17,13,13,3,2022,82
18,13,13,3,2022,46
19,13,13,3,2022,117
20,13,13,3,2022,65
21,13,13,3,2022,211
22,13,13,3,2022,124
23,13,13,3,2022,373
24,13,13,3,2022,234
25,13,13,3,2022,672
26,13,13,3,2022,429
27,13,13,3,2022,850
28,13,13,3,2022,620
29,13,13,3,2022,1080
30,13,13,3,2022,883
31,13,13,3,2022,818
32,13,13,3,2022,791
35,13,13,3,2022,729
36,13,13,3,2022,806
39,13,13,3,2022,569
40,13,13,3,2022,695
1,13,13,4,2022,25
2,13,13,4,2022,31
3,13,13,4,2022,13
4,13,13,4,2022,16
5,13,13,4,2022,12
6,13,13,4,2022,14
7,13,13,4,2022,11
8,13,13,4,2022,14
9,13,13,4,2022,11
10,13,13,4,2022,12
11,13,13,4,2022,14
12,13,13,4,2022,13
13,13,13,4,2022,20
14,13,13,4,2022,17
15,13,13,4,2022,27
16,13,13,4,2022,24
17,13,13,4,2022,31
18,13,13,4,2022,33
19,13,13,4,2022,39
20,13,13,4,2022,44
21,13,13,4,2022,65
22,13,13,4,2022,59
23,13,13,4,2022,106
24,13,13,4,2022,106
25,13,13,4,2022,155
26,13,13,4,2022,156
27,13,13,4,2022,195
28,13,13,4,2022,227
29,13,13,4,2022,238
30,13,13,4,2022,274
31,13,13,4,2022,178
32,13,13,4,2022,222
35,13,13,4,2022,146
36,13,13,4,2022,204
37,13,13,4,2022,13
38,13,13,4,2022,16
39,13,13,4,2022,110
40,13,13,4,2022,166
1,14,14,1,2023,4932
2,14,14,1,2023,4125
3,14,14,1,2023,239
4,14,14,1,2023,196
5,14,14,1,2023,179
6,14,14,1,2023,165
7,14,14,1,2023,140
8,14,14,1,2023,119
9,14,14,1,2023,134
10,14,14,1,2023,101
11,14,14,1,2023,138
12,14,14,1,2023,88
13,14,14,1,2023,184
14,14,14,1,2023,105
15,14,14,1,2023,231
16,14,14,1,2023,138
17,14,14,1,2023,244
18,14,14,1,2023,159
19,14,14,1,2023,268
20,14,14,1,2023,183
21,14,14,1,2023,361
22,14,14,1,2023,244
23,14,14,1,2023,593
24,14,14,1,2023,437
25,14,14,1,2023,876
26,14,14,1,2023,685
27,14,14,1,2023,1146
28,14,14,1,2023,950
29,14,14,1,2023,1398
30,14,14,1,2023,1236
31,14,14,1,2023,1099
32,14,14,1,2023,1060
33,14,14,1,2023,3896
34,14,14,1,2023,3273
35,14,14,1,2023,989
36,14,14,1,2023,1025
37,14,14,1,2023,480
38,14,14,1,2023,397
39,14,14,1,2023,792
40,14,14,1,2023,946
1,14,14,2,2023,75
2,14,14,2,2023,125
3,14,14,2,2023,21
4,14,14,2,2023,27
5,14,14,2,2023,21
6,14,14,2,2023,25
7,14,14,2,2023,39
8,14,14,2,2023,39
9,14,14,2,2023,43
10,14,14,2,2023,40
11,14,14,2,2023,55
12,14,14,2,2023,42
13,14,14,2,2023,75
14,14,14,2,2023,58
15,14,14,2,2023,98
16,14,14,2,2023,79
17,14,14,2,2023,126
18,14,14,2,2023,101
19,14,14,2,2023,171
20,14,14,2,2023,134
21,14,14,2,2023,293
22,14,14,2,2023,213
23,14,14,2,2023,506
24,14,14,2,2023,394
25,14,14,2,2023,843
26,14,14,2,2023,639
27,14,14,2,2023,1093
28,14,14,2,2023,936
29,14,14,2,2023,1372
30,14,14,2,2023,1275
31,14,14,2,2023,1068
32,14,14,2,2023,1128
33,14,14,2,2023,30
34,14,14,2,2023,66
35,14,14,2,2023,918
36,14,14,2,2023,1128
37,14,14,2,2023,24
38,14,14,2,2023,30
39,14,14,2,2023,697
40,14,14,2,2023,939
7,14,14,3,2023,22
8,14,14,3,2023,18
9,14,14,3,2023,28
10,14,14,3,2023,21
11,14,14,3,2023,35
12,14,14,3,2023,22
13,14,14,3,2023,46
14,14,14,3,2023,30
15,14,14,3,2023,61
16,14,14,3,2023,41
17,14,14,3,2023,84
18,14,14,3,2023,51
19,14,14,3,2023,119
20,14,14,3,2023,71
21,14,14,3,2023,210
22,14,14,3,2023,130
23,14,14,3,2023,371
24,14,14,3,2023,245
25,14,14,3,2023,661
26,14,14,3,2023,439
27,14,14,3,2023,858
28,14,14,3,2023,645
29,14,14,3,2023,1090
30,14,14,3,2023,933
31,14,14,3,2023,853
32,14,14,3,2023,848
35,14,14,3,2023,746
36,14,14,3,2023,872
39,14,14,3,2023,569
40,14,14,3,2023,735
1,14,14,4,2023,25
2,14,14,4,2023,33
3,14,14,4,2023,13
4,14,14,4,2023,16
5,14,14,4,2023,12
6,14,14,4,2023,16
7,14,14,4,2023,11
8,14,14,4,2023,14
9,14,14,4,2023,10
10,14,14,4,2023,13
11,14,14,4,2023,14
12,14,14,4,2023,13
13,14,14,4,2023,20
14,14,14,4,2023,18
15,14,14,4,2023,26
16,14,14,4,2023,26
17,14,14,4,2023,31
18,14,14,4,2023,36
19,14,14,4,2023,39
20,14,14,4,2023,47
21,14,14,4,2023,62
22,14,14,4,2023,61
23,14,14,4,2023,102
24,14,14,4,2023,110
25,14,14,4,2023,148
26,14,14,4,2023,157
27,14,14,4,2023,191
28,14,14,4,2023,233
29,14,14,4,2023,233
30,14,14,4,2023,286
31,14,14,4,2023,180
32,14,14,4,2023,235
35,14,14,4,2023,145
36,14,14,4,2023,218
37,14,14,4,2023,13
38,14,14,4,2023,17
39,14,14,4,2023,107
40,14,14,4,2023,175
1,1,1,6,2010,18985
2,1,1,6,2010,20270
3,1,1,6,2010,14949
4,1,1,6,2010,12373
5,1,1,6,2010,12420
6,1,1,6,2010,11061
7,1,1,6,2010,13250
8,1,1,6,2010,13015
9,1,1,6,2010,11255
10,1,1,6,2010,11878
11,1,1,6,2010,10127
12,1,1,6,2010,11032
13,1,1,6,2010,9492
14,1,1,6,2010,10374
15,1,1,6,2010,9490
16,1,1,6,2010,10498
17,1,1,6,2010,11832
18,1,1,6,2010,11703
19,1,1,6,2010,17586
20,1,1,6,2010,14197
21,1,1,6,2010,25140
22,1,1,6,2010,17361
23,1,1,6,2010,29995
24,1,1,6,2010,19635
25,1,1,6,2010,32884
26,1,1,6,2010,20405
27,1,1,6,2010,26733
28,1,1,6,2010,18102
29,1,1,6,2010,26863
30,1,1,6,2010,18310
31,1,1,6,2010,19673
32,1,1,6,2010,14809
33,1,1,6,2010,3524
34,1,1,6,2010,5403
35,1,1,6,2010,12490
36,1,1,6,2010,10876
37,1,1,6,2010,11154
38,1,1,6,2010,10312
39,1,1,6,2010,6907
40,1,1,6,2010,6767
1,1,1,7,2010,0
2,1,1,7,2010,0
3,1,1,7,2010,0
4,1,1,7,2010,0
5,1,1,7,2010,0
6,1,1,7,2010,0
7,1,1,7,2010,2906
8,1,1,7,2010,1839
9,1,1,7,2010,4032
10,1,1,7,2010,2665
11,1,1,7,2010,4485
12,1,1,7,2010,3178
13,1,1,7,2010,4248
14,1,1,7,2010,3218
15,1,1,7,2010,4405
16,1,1,7,2010,3350
17,1,1,7,2010,6211
18,1,1,7,2010,3990
19,1,1,7,2010,10690
20,1,1,7,2010,5829
21,1,1,7,2010,16494
22,1,1,7,2010,9058
23,1,1,7,2010,20657
24,1,1,7,2010,11170
25,1,1,7,2010,24345
26,1,1,7,2010,13049
27,1,1,7,2010,20013
28,1,1,7,2010,11934
29,1,1,7,2010,20409
30,1,1,7,2010,12899
31,1,1,7,2010,15091
32,1,1,7,2010,10797
33,1,1,7,2010,0
34,1,1,7,2010,0
35,1,1,7,2010,9757
36,1,1,7,2010,8216
37,1,1,7,2010,0
38,1,1,7,2010,0
39,1,1,7,2010,5483
40,1,1,7,2010,5235
1,1,1,8,2010,13475
2,1,1,8,2010,12775
3,1,1,8,2010,13979
4,1,1,8,2010,11493
5,1,1,8,2010,11691
6,1,1,8,2010,10485
7,1,1,8,2010,9537
8,1,1,8,2010,10491
9,1,1,8,2010,6194
10,1,1,8,2010,8229
11,1,1,8,2010,4691
12,1,1,8,2010,6875
13,1,1,8,2010,4371
14,1,1,8,2010,6255
15,1,1,8,2010,4324
16,1,1,8,2010,6283
17,1,1,8,2010,4828
18,1,1,8,2010,6848
19,1,1,8,2010,5869
20,1,1,8,2010,7404
21,1,1,8,2010,7289
22,1,1,8,2010,7192
23,1,1,8,2010,7922
24,1,1,8,2010,7145
25,1,1,8,2010,7629
26,1,1,8,2010,6447
27,1,1,8,2010,5974
28,1,1,8,2010,5396
29,1,1,8,2010,5785
30,1,1,8,2010,4795
31,1,1,8,2010,4137
32,1,1,8,2010,3550
33,1,1,8,2010,0
34,1,1,8,2010,0
35,1,1,8,2010,2475
36,1,1,8,2010,2366
37,1,1,8,2010,10184
38,1,1,8,2010,9472
39,1,1,8,2010,1285
40,1,1,8,2010,1369
1,2,2,6,2011,19528
2,2,2,6,2011,20145
3,2,2,6,2011,15204
4,2,2,6,2011,12507
5,2,2,6,2011,12778
6,2,2,6,2011,11269
7,2,2,6,2011,13471
8,2,2,6,2011,12996
9,2,2,6,2011,11433
10,2,2,6,2011,11809
11,2,2,6,2011,10557
12,2,2,6,2011,11042
13,2,2,6,2011,10042
14,2,2,6,2011,10507
15,2,2,6,2011,9970
16,2,2,6,2011,10603
17,2,2,6,2011,12123
18,2,2,6,2011,11505
19,2,2,6,2011,18229
20,2,2,6,2011,14139
21,2,2,6,2011,26187
22,2,2,6,2011,17225
23,2,2,6,2011,30877
24,2,2,6,2011,19228
25,2,2,6,2011,35298
26,2,2,6,2011,20584
27,2,2,6,2011,28140
28,2,2,6,2011,18003
29,2,2,6,2011,27866
30,2,2,6,2011,17936
31,2,2,6,2011,20372
32,2,2,6,2011,14752
33,2,2,6,2011,3391
34,2,2,6,2011,5082
35,2,2,6,2011,13166
36,2,2,6,2011,10871
37,2,2,6,2011,11699
38,2,2,6,2011,10552
39,2,2,6,2011,7036
40,2,2,6,2011,6670
1,2,2,7,2011,0
2,2,2,7,2011,0
3,2,2,7,2011,0
4,2,2,7,2011,0
5,2,2,7,2011,0
6,2,2,7,2011,0
7,2,2,7,2011,3015
8,2,2,7,2011,1814
9,2,2,7,2011,4201
10,2,2,7,2011,2615
11,2,2,7,2011,4786
12,2,2,7,2011,3147
13,2,2,7,2011,4585
14,2,2,7,2011,3183
15,2,2,7,2011,4747
16,2,2,7,2011,3373
17,2,2,7,2011,6510
18,2,2,7,2011,3870
19,2,2,7,2011,11304
20,2,2,7,2011,5798
21,2,2,7,2011,17541
22,2,2,7,2011,8958
23,2,2,7,2011,21642
24,2,2,7,2011,10933
25,2,2,7,2011,26601
26,2,2,7,2011,13189
27,2,2,7,2011,21430
28,2,2,7,2011,11910
29,2,2,7,2011,21560
30,2,2,7,2011,12702
31,2,2,7,2011,15899
32,2,2,7,2011,10813
33,2,2,7,2011,0
34,2,2,7,2011,0
35,2,2,7,2011,10458
36,2,2,7,2011,8252
37,2,2,7,2011,0
38,2,2,7,2011,0
39,2,2,7,2011,5680
40,2,2,7,2011,5186
1,2,2,8,2011,13983
2,2,2,8,2011,13050
3,2,2,8,2011,14201
4,2,2,8,2011,11666
5,2,2,8,2011,11996
6,2,2,8,2011,10710
7,2,2,8,2011,9622
8,2,2,8,2011,10508
9,2,2,8,2011,6179
10,2,2,8,2011,8223
11,2,2,8,2011,4767
12,2,2,8,2011,6924
13,2,2,8,2011,4517
14,2,2,8,2011,6426
15,2,2,8,2011,4404
16,2,2,8,2011,6362
17,2,2,8,2011,4785
18,2,2,8,2011,6798
19,2,2,8,2011,5845
20,2,2,8,2011,7396
21,2,2,8,2011,7205
22,2,2,8,2011,7168
23,2,2,8,2011,7752
24,2,2,8,2011,7022
25,2,2,8,2011,7714
26,2,2,8,2011,6495
27,2,2,8,2011,5923
28,2,2,8,2011,5337
29,2,2,8,2011,5610
30,2,2,8,2011,4639
31,2,2,8,2011,4010
32,2,2,8,2011,3485
33,2,2,8,2011,0
34,2,2,8,2011,0
35,2,2,8,2011,2437
36,2,2,8,2011,2329
37,2,2,8,2011,10636
38,2,2,8,2011,9728
39,2,2,8,2011,1214
40,2,2,8,2011,1325
1,1,1,5,2010,737878
2,1,1,5,2010,670173
3,1,1,5,2010,26140
4,1,1,5,2010,20958
5,1,1,5,2010,15765
6,1,1,5,2010,13636
7,1,1,5,2010,11645
8,1,1,5,2010,8022
9,1,1,5,2010,11317
10,1,1,5,2010,8329
11,1,1,5,2010,9651
12,1,1,5,2010,7890
13,1,1,5,2010,8694
14,1,1,5,2010,6454
15,1,1,5,2010,8406
16,1,1,5,2010,6676
17,1,1,5,2010,10337
18,1,1,5,2010,7261
19,1,1,5,2010,14882
20,1,1,5,2010,9640
21,1,1,5,2010,17637
22,1,1,5,2010,12166
23,1,1,5,2010,20848
24,1,1,5,2010,14629
25,1,1,5,2010,22912
26,1,1,5,2010,16903
27,1,1,5,2010,16821
28,1,1,5,2010,13542
29,1,1,5,2010,16985
30,1,1,5,2010,16078
31,1,1,5,2010,13937
32,1,1,5,2010,13209
33,1,1,5,2010,559917
34,1,1,5,2010,517398
35,1,1,5,2010,9464
36,1,1,5,2010,10097
37,1,1,5,2010,74001
38,1,1,5,2010,61423
39,1,1,5,2010,5211
40,1,1,5,2010,6108
1,3,3,6,2012,20233
2,3,3,6,2012,20939
3,3,3,6,2012,15585
4,3,3,6,2012,12678
5,3,3,6,2012,13411
6,3,3,6,2012,11651
7,3,3,6,2012,13645
8,3,3,6,2012,13258
9,3,3,6,2012,11469
10,3,3,6,2012,11964
11,3,3,6,2012,10855
12,3,3,6,2012,11335
13,3,3,6,2012,10572
14,3,3,6,2012,11106
15,3,3,6,2012,10525
16,3,3,6,2012,11092
17,3,3,6,2012,12246
18,3,3,6,2012,11795
19,3,3,6,2012,18169
20,3,3,6,2012,14597
21,3,3,6,2012,26314
22,3,3,6,2012,17911
23,3,3,6,2012,30838
24,3,3,6,2012,19819
25,3,3,6,2012,37516
26,3,3,6,2012,22174
27,3,3,6,2012,29388
28,3,3,6,2012,19135
29,3,3,6,2012,28539
30,3,3,6,2012,18850
31,3,3,6,2012,21094
32,3,3,6,2012,15713
33,3,3,6,2012,3315
34,3,3,6,2012,5154
35,3,3,6,2012,13529
36,3,3,6,2012,11232
37,3,3,6,2012,12386
38,3,3,6,2012,11168
39,3,3,6,2012,7051
40,3,3,6,2012,6918
1,3,3,7,2012,0
2,3,3,7,2012,0
3,3,3,7,2012,0
4,3,3,7,2012,0
5,3,3,7,2012,0
6,3,3,7,2012,0
7,3,3,7,2012,2991
8,3,3,7,2012,1851
9,3,3,7,2012,4199
10,3,3,7,2012,2646
11,3,3,7,2012,4903
12,3,3,7,2012,3205
13,3,3,7,2012,4830
14,3,3,7,2012,3410
15,3,3,7,2012,5031
16,3,3,7,2012,3516
17,3,3,7,2012,6554
18,3,3,7,2012,3985
19,3,3,7,2012,11221
20,3,3,7,2012,5971
21,3,3,7,2012,17588
22,3,3,7,2012,9298
23,3,3,7,2012,21610
24,3,3,7,2012,11220
25,3,3,7,2012,28298
26,3,3,7,2012,14168
27,3,3,7,2012,22388
28,3,3,7,2012,12621
29,3,3,7,2012,22113
30,3,3,7,2012,13320
31,3,3,7,2012,16478
32,3,3,7,2012,11489
33,3,3,7,2012,0
34,3,3,7,2012,0
35,3,3,7,2012,10759
36,3,3,7,2012,8507
37,3,3,7,2012,0
38,3,3,7,2012,0
39,3,3,7,2012,5695
40,3,3,7,2012,5368
1,3,3,8,2012,14693
2,3,3,8,2012,13747
3,3,3,8,2012,14634
4,3,3,8,2012,11869
5,3,3,8,2012,12658
6,3,3,8,2012,11092
7,3,3,8,2012,9821
8,3,3,8,2012,10720
9,3,3,8,2012,6199
10,3,3,8,2012,8329
11,3,3,8,2012,4914
12,3,3,8,2012,7130
13,3,3,8,2012,4736
14,3,3,8,2012,6722
15,3,3,8,2012,4612
16,3,3,8,2012,6650
17,3,3,8,2012,4840
18,3,3,8,2012,6929
19,3,3,8,2012,5853
20,3,3,8,2012,7634
21,3,3,8,2012,7245
22,3,3,8,2012,7446
23,3,3,8,2012,7711
24,3,3,8,2012,7268
25,3,3,8,2012,8146
26,3,3,8,2012,7017
27,3,3,8,2012,6155
28,3,3,8,2012,5685
29,3,3,8,2012,5697
30,3,3,8,2012,4890
31,3,3,8,2012,4126
32,3,3,8,2012,3729
33,3,3,8,2012,0
34,3,3,8,2012,0
35,3,3,8,2012,2485
36,3,3,8,2012,2419
37,3,3,8,2012,11270
38,3,3,8,2012,10320
39,3,3,8,2012,1211
40,3,3,8,2012,1382
1,4,4,6,2013,20760
2,4,4,6,2013,21936
3,4,4,6,2013,16147
4,4,4,6,2013,13286
5,4,4,6,2013,14101
6,4,4,6,2013,12166
7,4,4,6,2013,13968
8,4,4,6,2013,13540
9,4,4,6,2013,11303
10,4,4,6,2013,11930
11,4,4,6,2013,10970
12,4,4,6,2013,11493
13,4,4,6,2013,10871
14,4,4,6,2013,11524
15,4,4,6,2013,10869
16,4,4,6,2013,11457
17,4,4,6,2013,12073
18,4,4,6,2013,11888
19,4,4,6,2013,17556
20,4,4,6,2013,14604
21,4,4,6,2013,25820
22,4,4,6,2013,17982
23,4,4,6,2013,30379
24,4,4,6,2013,20011
25,4,4,6,2013,37836
26,4,4,6,2013,22811
27,4,4,6,2013,30583
28,4,4,6,2013,20005
29,4,4,6,2013,27800
30,4,4,6,2013,18947
31,4,4,6,2013,20833
32,4,4,6,2013,15891
33,4,4,6,2013,3172
34,4,4,6,2013,5287
35,4,4,6,2013,13368
36,4,4,6,2013,11365
37,4,4,6,2013,13101
38,4,4,6,2013,11883
39,4,4,6,2013,7197
40,4,4,6,2013,7169
1,4,4,7,2013,0
2,4,4,7,2013,0
3,4,4,7,2013,0
4,4,4,7,2013,0
5,4,4,7,2013,0
6,4,4,7,2013,0
7,4,4,7,2013,2965
8,4,4,7,2013,1901
9,4,4,7,2013,4047
10,4,4,7,2013,2592
11,4,4,7,2013,4896
12,4,4,7,2013,3218
13,4,4,7,2013,4887
14,4,4,7,2013,3496
15,4,4,7,2013,5125
16,4,4,7,2013,3609
17,4,4,7,2013,6369
18,4,4,7,2013,3974
19,4,4,7,2013,10678
20,4,4,7,2013,5892
21,4,4,7,2013,17072
22,4,4,7,2013,9228
23,4,4,7,2013,21069
24,4,4,7,2013,11209
25,4,4,7,2013,28298
26,4,4,7,2013,14467
27,4,4,7,2013,23105
28,4,4,7,2013,13099
29,4,4,7,2013,21396
30,4,4,7,2013,13317
31,4,4,7,2013,16150
32,4,4,7,2013,11576
33,4,4,7,2013,0
34,4,4,7,2013,0
35,4,4,7,2013,10558
36,4,4,7,2013,8574
37,4,4,7,2013,0
38,4,4,7,2013,0
39,4,4,7,2013,5775
40,4,4,7,2013,5543
1,4,4,8,2013,15409
2,4,4,8,2013,14533
3,4,4,8,2013,15252
4,4,4,8,2013,12479
5,4,4,8,2013,13388
6,4,4,8,2013,11609
7,4,4,8,2013,10162
8,4,4,8,2013,10929
9,4,4,8,2013,6207
10,4,4,8,2013,8358
11,4,4,8,2013,5014
12,4,4,8,2013,7254
13,4,4,8,2013,4939
14,4,4,8,2013,7007
15,4,4,8,2013,4819
16,4,4,8,2013,6873
17,4,4,8,2013,4842
18,4,4,8,2013,7014
19,4,4,8,2013,5802
20,4,4,8,2013,7708
21,4,4,8,2013,7261
22,4,4,8,2013,7566
23,4,4,8,2013,7773
24,4,4,8,2013,7430
25,4,4,8,2013,8419
26,4,4,8,2013,7303
27,4,4,8,2013,6572
28,4,4,8,2013,6016
29,4,4,8,2013,5672
30,4,4,8,2013,4972
31,4,4,8,2013,4187
32,4,4,8,2013,3801
33,4,4,8,2013,0
34,4,4,8,2013,0
35,4,4,8,2013,2521
36,4,4,8,2013,2473
37,4,4,8,2013,11976
38,4,4,8,2013,10981
39,4,4,8,2013,1270
40,4,4,8,2013,1448
1,2,2,5,2011,731933
2,2,2,5,2011,664896
3,2,2,5,2011,25577
4,2,2,5,2011,20583
5,2,2,5,2011,16185
6,2,2,5,2011,13557
7,2,2,5,2011,11945
8,2,2,5,2011,8051
9,2,2,5,2011,11840
10,2,2,5,2011,8149
11,2,2,5,2011,10452
12,2,2,5,2011,7966
13,2,2,5,2011,9630
14,2,2,5,2011,6629
15,2,2,5,2011,9188
16,2,2,5,2011,6794
17,2,2,5,2011,10865
18,2,2,5,2011,7149
19,2,2,5,2011,15774
20,2,2,5,2011,9670
21,2,2,5,2011,18855
22,2,2,5,2011,12310
23,2,2,5,2011,22122
24,2,2,5,2011,14789
25,2,2,5,2011,25273
26,2,2,5,2011,17728
27,2,2,5,2011,18325
28,2,2,5,2011,14131
29,2,2,5,2011,18108
30,2,2,5,2011,16543
31,2,2,5,2011,14860
32,2,2,5,2011,13804
33,2,2,5,2011,553858
34,2,2,5,2011,514447
35,2,2,5,2011,10326
36,2,2,5,2011,10626
37,2,2,5,2011,74948
38,2,2,5,2011,61452
39,2,2,5,2011,5539
40,2,2,5,2011,6416
1,5,5,6,2014,20997
2,5,5,6,2014,22215
3,5,5,6,2014,16807
4,5,5,6,2014,13757
5,5,5,6,2014,14785
6,5,5,6,2014,12695
7,5,5,6,2014,14134
8,5,5,6,2014,13690
9,5,5,6,2014,11134
10,5,5,6,2014,11852
11,5,5,6,2014,10929
12,5,5,6,2014,11612
13,5,5,6,2014,11075
14,5,5,6,2014,11885
15,5,5,6,2014,11073
16,5,5,6,2014,11912
17,5,5,6,2014,11956
18,5,5,6,2014,12128
19,5,5,6,2014,16846
20,5,5,6,2014,14717
21,5,5,6,2014,25838
22,5,5,6,2014,18422
23,5,5,6,2014,30570
24,5,5,6,2014,20814
25,5,5,6,2014,38640
26,5,5,6,2014,23998
27,5,5,6,2014,32525
28,5,5,6,2014,21798
29,5,5,6,2014,27248
30,5,5,6,2014,19542
31,5,5,6,2014,21264
32,5,5,6,2014,16565
33,5,5,6,2014,3007
34,5,5,6,2014,5207
35,5,5,6,2014,13504
36,5,5,6,2014,11810
37,5,5,6,2014,13695
38,5,5,6,2014,12383
39,5,5,6,2014,7728
40,5,5,6,2014,7628
1,5,5,7,2014,0
2,5,5,7,2014,0
3,5,5,7,2014,0
4,5,5,7,2014,0
5,5,5,7,2014,0
6,5,5,7,2014,0
7,5,5,7,2014,2965
8,5,5,7,2014,1910
9,5,5,7,2014,3926
10,5,5,7,2014,2545
11,5,5,7,2014,4870
12,5,5,7,2014,3253
13,5,5,7,2014,4967
14,5,5,7,2014,3572
15,5,5,7,2014,5190
16,5,5,7,2014,3752
17,5,5,7,2014,6276
18,5,5,7,2014,4044
19,5,5,7,2014,10213
20,5,5,7,2014,5914
21,5,5,7,2014,17136
22,5,5,7,2014,9438
23,5,5,7,2014,21285
24,5,5,7,2014,11644
25,5,5,7,2014,29040
26,5,5,7,2014,15216
27,5,5,7,2014,24686
28,5,5,7,2014,14284
29,5,5,7,2014,21099
30,5,5,7,2014,13744
31,5,5,7,2014,16566
32,5,5,7,2014,12089
33,5,5,7,2014,0
34,5,5,7,2014,0
35,5,5,7,2014,10719
36,5,5,7,2014,8918
37,5,5,7,2014,0
38,5,5,7,2014,0
39,5,5,7,2014,6226
40,5,5,7,2014,5901
1,5,5,8,2014,15864
2,5,5,8,2014,14942
3,5,5,8,2014,15926
4,5,5,8,2014,12966
5,5,5,8,2014,14088
6,5,5,8,2014,12147
7,5,5,8,2014,10322
8,5,5,8,2014,11069
9,5,5,8,2014,6177
10,5,5,8,2014,8340
11,5,5,8,2014,4990
12,5,5,8,2014,7319
13,5,5,8,2014,5027
14,5,5,8,2014,7257
15,5,5,8,2014,4929
16,5,5,8,2014,7134
17,5,5,8,2014,4807
18,5,5,8,2014,7155
19,5,5,8,2014,5579
20,5,5,8,2014,7780
21,5,5,8,2014,7174
22,5,5,8,2014,7743
23,5,5,8,2014,7688
24,5,5,8,2014,7719
25,5,5,8,2014,8424
26,5,5,8,2014,7665
27,5,5,8,2014,6849
28,5,5,8,2014,6517
29,5,5,8,2014,5412
30,5,5,8,2014,5110
31,5,5,8,2014,4178
32,5,5,8,2014,3933
33,5,5,8,2014,0
34,5,5,8,2014,0
35,5,5,8,2014,2485
36,5,5,8,2014,2557
37,5,5,8,2014,12563
38,5,5,8,2014,11472
39,5,5,8,2014,1335
40,5,5,8,2014,1535
1,6,6,6,2015,21168
2,6,6,6,2015,22767
3,6,6,6,2015,17532
4,6,6,6,2015,14439
5,6,6,6,2015,15299
6,6,6,6,2015,13042
7,6,6,6,2015,14410
8,6,6,6,2015,13990
9,6,6,6,2015,11053
10,6,6,6,2015,12030
11,6,6,6,2015,10858
12,6,6,6,2015,11802
13,6,6,6,2015,11293
14,6,6,6,2015,12347
15,6,6,6,2015,11473
16,6,6,6,2015,12567
17,6,6,6,2015,12085
18,6,6,6,2015,12589
19,6,6,6,2015,16651
20,6,6,6,2015,14943
21,6,6,6,2015,26017
22,6,6,6,2015,19308
23,6,6,6,2015,31013
24,6,6,6,2015,22032
25,6,6,6,2015,39676
26,6,6,6,2015,25406
27,6,6,6,2015,33851
28,6,6,6,2015,23912
29,6,6,6,2015,28117
30,6,6,6,2015,21103
31,6,6,6,2015,21680
32,6,6,6,2015,17611
33,6,6,6,2015,2910
34,6,6,6,2015,5311
35,6,6,6,2015,13480
36,6,6,6,2015,12573
37,6,6,6,2015,14094
38,6,6,6,2015,12836
39,6,6,6,2015,7830
40,6,6,6,2015,8011
1,6,6,7,2015,0
2,6,6,7,2015,0
3,6,6,7,2015,0
4,6,6,7,2015,0
5,6,6,7,2015,0
6,6,6,7,2015,0
7,6,6,7,2015,2983
8,6,6,7,2015,1987
9,6,6,7,2015,3878
10,6,6,7,2015,2595
11,6,6,7,2015,4804
12,6,6,7,2015,3350
13,6,6,7,2015,5058
14,6,6,7,2015,3749
15,6,6,7,2015,5359
16,6,6,7,2015,3981
17,6,6,7,2015,6323
18,6,6,7,2015,4204
19,6,6,7,2015,10073
20,6,6,7,2015,6017
21,6,6,7,2015,17269
22,6,6,7,2015,9941
23,6,6,7,2015,21592
24,6,6,7,2015,12359
25,6,6,7,2015,29889
26,6,6,7,2015,16168
27,6,6,7,2015,25749
28,6,6,7,2015,15724
29,6,6,7,2015,21826
30,6,6,7,2015,14895
31,6,6,7,2015,16923
32,6,6,7,2015,12898
33,6,6,7,2015,0
34,6,6,7,2015,0
35,6,6,7,2015,10725
36,6,6,7,2015,9531
37,6,6,7,2015,0
38,6,6,7,2015,0
39,6,6,7,2015,6322
40,6,6,7,2015,6219
1,6,6,8,2015,16177
2,6,6,8,2015,15362
3,6,6,8,2015,16653
4,6,6,8,2015,13631
5,6,6,8,2015,14614
6,6,6,8,2015,12485
7,6,6,8,2015,10562
8,6,6,8,2015,11265
9,6,6,8,2015,6142
10,6,6,8,2015,8450
11,6,6,8,2015,4982
12,6,6,8,2015,7379
13,6,6,8,2015,5115
14,6,6,8,2015,7484
15,6,6,8,2015,5109
16,6,6,8,2015,7489
17,6,6,8,2015,4862
18,6,6,8,2015,7404
19,6,6,8,2015,5520
20,6,6,8,2015,7869
21,6,6,8,2015,7179
22,6,6,8,2015,8049
23,6,6,8,2015,7759
24,6,6,8,2015,8119
25,6,6,8,2015,8557
26,6,6,8,2015,8030
27,6,6,8,2015,7045
28,6,6,8,2015,7074
29,6,6,8,2015,5512
30,6,6,8,2015,5457
31,6,6,8,2015,4213
32,6,6,8,2015,4126
33,6,6,8,2015,0
34,6,6,8,2015,0
35,6,6,8,2015,2448
36,6,6,8,2015,2682
37,6,6,8,2015,12962
38,6,6,8,2015,11894
39,6,6,8,2015,1335
40,6,6,8,2015,1589
1,3,3,5,2012,724068
2,3,3,5,2012,659247
3,3,3,5,2012,24012
4,3,3,5,2012,19525
5,3,3,5,2012,15507
6,3,3,5,2012,13397
7,3,3,5,2012,11841
8,3,3,5,2012,8387
9,3,3,5,2012,11748
10,3,3,5,2012,8231
11,3,3,5,2012,10928
12,3,3,5,2012,8299
13,3,3,5,2012,10426
14,3,3,5,2012,7085
15,3,3,5,2012,10073
16,3,3,5,2012,7314
17,3,3,5,2012,11152
18,3,3,5,2012,7477
19,3,3,5,2012,15752
20,3,3,5,2012,10015
21,3,3,5,2012,19221
22,3,3,5,2012,13023
23,3,3,5,2012,22323
24,3,3,5,2012,15314
25,3,3,5,2012,27180
26,3,3,5,2012,19240
27,3,3,5,2012,19755
28,3,3,5,2012,15418
29,3,3,5,2012,18919
30,3,3,5,2012,17515
31,3,3,5,2012,15649
32,3,3,5,2012,14837
33,3,3,5,2012,548308
34,3,3,5,2012,511665
35,3,3,5,2012,10756
36,3,3,5,2012,10980
37,3,3,5,2012,75487
38,3,3,5,2012,61251
39,3,3,5,2012,5631
40,3,3,5,2012,6748
1,5,5,5,2014,668532
2,5,5,5,2014,613977
3,5,5,5,2014,22964
4,5,5,5,2014,18060
5,5,5,5,2014,14791
6,5,5,5,2014,12476
7,5,5,5,2014,12035
8,5,5,5,2014,8443
9,5,5,5,2014,11382
10,5,5,5,2014,7417
11,5,5,5,2014,11317
12,5,5,5,2014,8007
13,5,5,5,2014,11327
14,5,5,5,2014,7205
15,5,5,5,2014,10912
16,5,5,5,2014,7552
17,5,5,5,2014,10666
18,5,5,5,2014,7248
19,5,5,5,2014,14360
20,5,5,5,2014,9429
21,5,5,5,2014,19482
22,5,5,5,2014,12761
23,5,5,5,2014,22997
24,5,5,5,2014,15361
25,5,5,5,2014,28975
26,5,5,5,2014,20099
27,5,5,5,2014,23339
28,5,5,5,2014,17537
29,5,5,5,2014,18931
30,5,5,5,2014,17481
31,5,5,5,2014,16344
32,5,5,5,2014,15191
33,5,5,5,2014,511570
34,5,5,5,2014,479235
35,5,5,5,2014,11048
36,5,5,5,2014,11092
37,5,5,5,2014,72410
38,5,5,5,2014,59452
39,5,5,5,2014,6503
40,5,5,5,2014,7361
1,4,4,5,2013,703505
2,4,4,5,2013,640160
3,4,4,5,2013,23170
4,4,4,5,2013,18704
5,4,4,5,2013,15063
6,4,4,5,2013,12855
7,4,4,5,2013,11844
8,4,4,5,2013,8300
9,4,4,5,2013,11533
10,4,4,5,2013,7684
11,4,4,5,2013,11079
12,4,4,5,2013,7959
13,4,4,5,2013,10840
14,4,4,5,2013,6968
15,4,4,5,2013,10430
16,4,4,5,2013,7194
17,4,4,5,2013,10811
18,4,4,5,2013,7108
19,4,4,5,2013,14875
20,4,4,5,2013,9391
21,4,4,5,2013,18844
22,4,4,5,2013,12366
23,4,4,5,2013,22109
24,4,4,5,2013,14661
25,4,4,5,2013,27479
26,4,4,5,2013,18853
27,4,4,5,2013,20902
28,4,4,5,2013,15641
29,4,4,5,2013,18637
30,4,4,5,2013,16814
31,4,4,5,2013,15515
32,4,4,5,2013,14373
33,4,4,5,2013,533567
34,4,4,5,2013,496478
35,4,4,5,2013,10587
36,4,4,5,2013,10556
37,4,4,5,2013,75572
38,4,4,5,2013,61126
39,4,4,5,2013,5769
40,4,4,5,2013,6740
1,7,7,6,2016,21283
2,7,7,6,2016,23119
3,7,7,6,2016,18331
4,7,7,6,2016,15170
5,7,7,6,2016,15416
6,7,7,6,2016,13330
7,7,7,6,2016,14355
8,7,7,6,2016,14059
9,7,7,6,2016,10867
10,7,7,6,2016,12078
11,7,7,6,2016,10548
12,7,7,6,2016,11725
13,7,7,6,2016,11392
14,7,7,6,2016,12508
15,7,7,6,2016,11780
16,7,7,6,2016,12943
17,7,7,6,2016,12195
18,7,7,6,2016,12915
19,7,7,6,2016,16086
20,7,7,6,2016,14847
21,7,7,6,2016,25201
22,7,7,6,2016,19309
23,7,7,6,2016,30495
24,7,7,6,2016,22254
25,7,7,6,2016,38715
26,7,7,6,2016,25439
27,7,7,6,2016,34320
28,7,7,6,2016,24824
29,7,7,6,2016,28423
30,7,7,6,2016,21707
31,7,7,6,2016,21299
32,7,7,6,2016,17788
33,7,7,6,2016,2823
34,7,7,6,2016,5256
35,7,7,6,2016,13239
36,7,7,6,2016,12958
37,7,7,6,2016,14325
38,7,7,6,2016,13178
39,7,7,6,2016,7812
40,7,7,6,2016,8235
1,7,7,7,2016,0
2,7,7,7,2016,0
3,7,7,7,2016,0
4,7,7,7,2016,0
5,7,7,7,2016,0
6,7,7,7,2016,0
7,7,7,7,2016,2929
8,7,7,7,2016,2024
9,7,7,7,2016,3809
10,7,7,7,2016,2614
11,7,7,7,2016,4656
12,7,7,7,2016,3305
13,7,7,7,2016,5138
14,7,7,7,2016,3789
15,7,7,7,2016,5532
16,7,7,7,2016,4073
17,7,7,7,2016,6385
18,7,7,7,2016,4341
19,7,7,7,2016,9770
20,7,7,7,2016,5991
21,7,7,7,2016,16874
22,7,7,7,2016,9939
23,7,7,7,2016,21440
24,7,7,7,2016,12531
25,7,7,7,2016,29455
26,7,7,7,2016,16268
27,7,7,7,2016,26357
28,7,7,7,2016,16421
29,7,7,7,2016,22298
30,7,7,7,2016,15421
31,7,7,7,2016,16808
32,7,7,7,2016,13117
33,7,7,7,2016,0
34,7,7,7,2016,0
35,7,7,7,2016,10638
36,7,7,7,2016,9881
37,7,7,7,2016,0
38,7,7,7,2016,0
39,7,7,7,2016,6371
40,7,7,7,2016,6432
1,7,7,8,2016,16269
2,7,7,8,2016,15650
3,7,7,8,2016,17429
4,7,7,8,2016,14328
5,7,7,8,2016,14736
6,7,7,8,2016,12775
7,7,7,8,2016,10565
8,7,7,8,2016,11287
9,7,7,8,2016,6021
10,7,7,8,2016,8470
11,7,7,8,2016,4834
12,7,7,8,2016,7360
13,7,7,8,2016,5101
14,7,7,8,2016,7593
15,7,7,8,2016,5194
16,7,7,8,2016,7746
17,7,7,8,2016,4885
18,7,7,8,2016,7565
19,7,7,8,2016,5272
20,7,7,8,2016,7808
21,7,7,8,2016,6776
22,7,7,8,2016,8048
23,7,7,8,2016,7376
24,7,7,8,2016,8147
25,7,7,8,2016,8034
26,7,7,8,2016,7960
27,7,7,8,2016,6868
28,7,7,8,2016,7241
29,7,7,8,2016,5313
30,7,7,8,2016,5507
31,7,7,8,2016,3947
32,7,7,8,2016,4078
33,7,7,8,2016,0
34,7,7,8,2016,0
35,7,7,8,2016,2293
36,7,7,8,2016,2704
37,7,7,8,2016,13129
38,7,7,8,2016,12175
39,7,7,8,2016,1265
40,7,7,8,2016,1594
1,6,6,5,2015,643137
2,6,6,5,2015,587369
3,6,6,5,2015,23330
4,6,6,5,2015,17971
5,6,6,5,2015,14726
6,6,6,5,2015,12295
7,6,6,5,2015,12243
8,6,6,5,2015,8550
9,6,6,5,2015,11440
10,6,6,5,2015,7403
11,6,6,5,2015,11378
12,6,6,5,2015,7974
13,6,6,5,2015,11772
14,6,6,5,2015,7410
15,6,6,5,2015,11559
16,6,6,5,2015,7923
17,6,6,5,2015,11041
18,6,6,5,2015,7546
19,6,6,5,2015,14443
20,6,6,5,2015,9545
21,6,6,5,2015,20177
22,6,6,5,2015,13205
23,6,6,5,2015,24158
24,6,6,5,2015,16256
25,6,6,5,2015,30541
26,6,6,5,2015,21148
27,6,6,5,2015,25299
28,6,6,5,2015,19314
29,6,6,5,2015,20370
30,6,6,5,2015,18704
31,6,6,5,2015,17177
32,6,6,5,2015,15932
33,6,6,5,2015,495483
34,6,6,5,2015,460421
35,6,6,5,2015,11434
36,6,6,5,2015,11645
37,6,6,5,2015,69747
38,6,6,5,2015,57417
39,6,6,5,2015,6854
40,6,6,5,2015,7737
1,8,8,6,2017,21071
2,8,8,6,2017,23020
3,8,8,6,2017,19177
4,8,8,6,2017,15909
5,8,8,6,2017,15657
6,8,8,6,2017,13505
7,8,8,6,2017,14281
8,8,8,6,2017,14231
9,8,8,6,2017,10619
10,8,8,6,2017,12127
11,8,8,6,2017,10148
12,8,8,6,2017,11590
13,8,8,6,2017,11425
14,8,8,6,2017,12666
15,8,8,6,2017,12030
16,8,8,6,2017,13377
17,8,8,6,2017,12378
18,8,8,6,2017,13170
19,8,8,6,2017,15570
20,8,8,6,2017,14646
21,8,8,6,2017,24411
22,8,8,6,2017,19260
23,8,8,6,2017,29647
24,8,8,6,2017,22259
25,8,8,6,2017,37604
26,8,8,6,2017,25296
27,8,8,6,2017,35104
28,8,8,6,2017,25851
29,8,8,6,2017,28513
30,8,8,6,2017,22364
31,8,8,6,2017,20882
32,8,8,6,2017,18032
33,8,8,6,2017,2737
34,8,8,6,2017,5175
35,8,8,6,2017,13112
36,8,8,6,2017,13378
37,8,8,6,2017,14301
38,8,8,6,2017,13232
39,8,8,6,2017,7917
40,8,8,6,2017,8612
1,8,8,7,2017,0
2,8,8,7,2017,0
3,8,8,7,2017,0
4,8,8,7,2017,0
5,8,8,7,2017,0
6,8,8,7,2017,0
7,8,8,7,2017,2867
8,8,8,7,2017,2039
9,8,8,7,2017,3651
10,8,8,7,2017,2618
11,8,8,7,2017,4462
12,8,8,7,2017,3258
13,8,8,7,2017,5149
14,8,8,7,2017,3835
15,8,8,7,2017,5658
16,8,8,7,2017,4214
17,8,8,7,2017,6499
18,8,8,7,2017,4425
19,8,8,7,2017,9477
20,8,8,7,2017,5914
21,8,8,7,2017,16475
22,8,8,7,2017,9962
23,8,8,7,2017,21035
24,8,8,7,2017,12595
25,8,8,7,2017,28895
26,8,8,7,2017,16256
27,8,8,7,2017,27262
28,8,8,7,2017,17227
29,8,8,7,2017,22623
30,8,8,7,2017,16022
31,8,8,7,2017,16690
32,8,8,7,2017,13411
33,8,8,7,2017,0
34,8,8,7,2017,0
35,8,8,7,2017,10673
36,8,8,7,2017,10291
37,8,8,7,2017,0
38,8,8,7,2017,0
39,8,8,7,2017,6538
40,8,8,7,2017,6789
1,8,8,8,2017,16169
2,8,8,8,2017,15622
3,8,8,8,2017,18278
4,8,8,8,2017,15047
5,8,8,8,2017,14983
6,8,8,8,2017,12952
7,8,8,8,2017,10575
8,8,8,8,2017,11445
9,8,8,8,2017,5980
10,8,8,8,2017,8514
11,8,8,8,2017,4663
12,8,8,8,2017,7284
13,8,8,8,2017,5118
14,8,8,8,2017,7689
15,8,8,8,2017,5286
16,8,8,8,2017,8004
17,8,8,8,2017,4931
18,8,8,8,2017,7717
19,8,8,8,2017,5074
20,8,8,8,2017,7706
21,8,8,8,2017,6426
22,8,8,8,2017,7995
23,8,8,8,2017,6949
24,8,8,8,2017,8091
25,8,8,8,2017,7505
26,8,8,8,2017,7843
27,8,8,8,2017,6714
28,8,8,8,2017,7418
29,8,8,8,2017,5067
30,8,8,8,2017,5539
31,8,8,8,2017,3655
32,8,8,8,2017,4021
33,8,8,8,2017,0
34,8,8,8,2017,0
35,8,8,8,2017,2131
36,8,8,8,2017,2704
37,8,8,8,2017,13119
38,8,8,8,2017,12221
39,8,8,8,2017,1198
40,8,8,8,2017,1603
1,9,9,6,2018,20496
2,9,9,6,2018,22798
3,9,9,6,2018,19866
4,9,9,6,2018,16700
5,9,9,6,2018,15993
6,9,9,6,2018,13890
7,9,9,6,2018,14374
8,9,9,6,2018,14595
1,7,7,5,2016,603822
2,7,7,5,2016,545858
3,7,7,5,2016,23778
4,7,7,5,2016,18348
5,7,7,5,2016,14506
6,7,7,5,2016,11988
7,7,7,5,2016,12239
8,7,7,5,2016,8578
9,7,7,5,2016,11380
10,7,7,5,2016,7268
11,7,7,5,2016,11189
12,7,7,5,2016,7580
13,7,7,5,2016,12074
14,7,7,5,2016,7304
15,7,7,5,2016,12078
16,7,7,5,2016,7899
17,7,7,5,2016,11304
18,7,7,5,2016,7591
19,7,7,5,2016,14020
20,7,7,5,2016,9138
21,7,7,5,2016,19892
22,7,7,5,2016,12863
23,7,7,5,2016,24369
24,7,7,5,2016,16145
25,7,7,5,2016,30560
26,7,7,5,2016,20771
27,7,7,5,2016,26744
28,7,7,5,2016,20008
29,7,7,5,2016,21649
30,7,7,5,2016,19164
31,7,7,5,2016,17394
32,7,7,5,2016,15928
33,7,7,5,2016,461895
34,7,7,5,2016,423051
35,7,7,5,2016,11610
36,7,7,5,2016,11889
37,7,7,5,2016,67369
38,7,7,5,2016,55748
39,7,7,5,2016,7022
40,7,7,5,2016,7987
9,9,9,6,2018,10568
10,9,9,6,2018,12233
11,9,9,6,2018,10010
12,9,9,6,2018,11737
13,9,9,6,2018,11511
14,9,9,6,2018,13161
15,9,9,6,2018,12362
16,9,9,6,2018,14063
17,9,9,6,2018,12746
18,9,9,6,2018,13928
19,9,9,6,2018,15583
20,9,9,6,2018,15045
21,9,9,6,2018,24108
22,9,9,6,2018,19662
23,9,9,6,2018,29954
24,9,9,6,2018,23176
25,9,9,6,2018,38116
26,9,9,6,2018,26595
27,9,9,6,2018,36370
28,9,9,6,2018,27936
29,9,9,6,2018,30557
30,9,9,6,2018,24884
31,9,9,6,2018,20905
32,9,9,6,2018,19086
33,9,9,6,2018,2568
34,9,9,6,2018,5100
35,9,9,6,2018,13347
36,9,9,6,2018,14240
37,9,9,6,2018,14066
38,9,9,6,2018,13184
39,9,9,6,2018,8179
40,9,9,6,2018,9317
1,9,9,7,2018,0
2,9,9,7,2018,0
3,9,9,7,2018,0
4,9,9,7,2018,0
5,9,9,7,2018,0
6,9,9,7,2018,0
7,9,9,7,2018,2847
8,9,9,7,2018,2167
9,9,9,7,2018,3635
10,9,9,7,2018,2711
11,9,9,7,2018,4348
12,9,9,7,2018,3281
13,9,9,7,2018,5155
14,9,9,7,2018,4069
15,9,9,7,2018,5790
16,9,9,7,2018,4472
17,9,9,7,2018,6673
18,9,9,7,2018,4738
19,9,9,7,2018,9434
20,9,9,7,2018,6106
21,9,9,7,2018,16254
22,9,9,7,2018,10177
23,9,9,7,2018,21234
24,9,9,7,2018,13180
25,9,9,7,2018,29283
26,9,9,7,2018,17156
27,9,9,7,2018,28249
28,9,9,7,2018,18702
29,9,9,7,2018,24256
30,9,9,7,2018,17915
31,9,9,7,2018,16746
32,9,9,7,2018,14264
33,9,9,7,2018,0
34,9,9,7,2018,0
35,9,9,7,2018,10887
36,9,9,7,2018,10994
37,9,9,7,2018,0
38,9,9,7,2018,0
39,9,9,7,2018,6767
40,9,9,7,2018,7366
1,9,9,8,2018,15942
2,9,9,8,2018,15510
3,9,9,8,2018,19006
4,9,9,8,2018,15820
5,9,9,8,2018,15325
6,9,9,8,2018,13321
7,9,9,8,2018,10690
8,9,9,8,2018,11638
9,9,9,8,2018,5940
10,9,9,8,2018,8499
11,9,9,8,2018,4652
12,9,9,8,2018,7401
13,9,9,8,2018,5195
14,9,9,8,2018,7882
15,9,9,8,2018,5455
16,9,9,8,2018,8358
17,9,9,8,2018,5092
18,9,9,8,2018,8088
19,9,9,8,2018,5129
20,9,9,8,2018,7878
21,9,9,8,2018,6367
22,9,9,8,2018,8140
23,9,9,8,2018,7021
24,9,9,8,2018,8353
25,9,9,8,2018,7608
26,9,9,8,2018,8174
27,9,9,8,2018,6942
28,9,9,8,2018,7922
29,9,9,8,2018,5410
30,9,9,8,2018,6070
31,9,9,8,2018,3618
32,9,9,8,2018,4188
33,9,9,8,2018,0
34,9,9,8,2018,0
35,9,9,8,2018,2144
36,9,9,8,2018,2836
37,9,9,8,2018,12978
38,9,9,8,2018,12186
39,9,9,8,2018,1225
40,9,9,8,2018,1711
1,10,10,6,2019,19863
2,10,10,6,2019,22279
3,10,10,6,2019,20510
4,10,10,6,2019,17288
5,10,10,6,2019,16376
6,10,10,6,2019,14369
7,10,10,6,2019,14530
8,10,10,6,2019,15002
9,10,10,6,2019,10619
10,10,10,6,2019,12388
11,10,10,6,2019,10008
12,10,10,6,2019,11708
13,10,10,6,2019,11778
14,10,10,6,2019,13227
15,10,10,6,2019,12828
16,10,10,6,2019,14545
17,10,10,6,2019,13311
18,10,10,6,2019,14511
19,10,10,6,2019,15721
20,10,10,6,2019,15335
21,10,10,6,2019,23533
22,10,10,6,2019,19727
23,10,10,6,2019,30079
24,10,10,6,2019,23730
25,10,10,6,2019,38302
26,10,10,6,2019,27543
27,10,10,6,2019,37273
28,10,10,6,2019,29407
29,10,10,6,2019,32450
30,10,10,6,2019,26964
31,10,10,6,2019,21115
32,10,10,6,2019,19862
33,10,10,6,2019,2438
34,10,10,6,2019,4958
35,10,10,6,2019,13701
36,10,10,6,2019,14866
37,10,10,6,2019,13748
38,10,10,6,2019,12978
39,10,10,6,2019,8598
40,10,10,6,2019,10034
1,10,10,7,2019,0
2,10,10,7,2019,0
3,10,10,7,2019,0
4,10,10,7,2019,0
5,10,10,7,2019,0
6,10,10,7,2019,0
7,10,10,7,2019,2813
8,10,10,7,2019,2224
9,10,10,7,2019,3621
10,10,10,7,2019,2754
11,10,10,7,2019,4355
12,10,10,7,2019,3268
13,10,10,7,2019,5307
14,10,10,7,2019,4083
15,10,10,7,2019,6031
16,10,10,7,2019,4641
17,10,10,7,2019,6940
18,10,10,7,2019,4936
19,10,10,7,2019,9519
20,10,10,7,2019,6264
21,10,10,7,2019,15880
22,10,10,7,2019,10248
23,10,10,7,2019,21364
24,10,10,7,2019,13528
25,10,10,7,2019,29470
26,10,10,7,2019,17795
27,10,10,7,2019,29038
28,10,10,7,2019,19762
29,10,10,7,2019,25826
30,10,10,7,2019,19486
31,10,10,7,2019,16990
32,10,10,7,2019,14908
33,10,10,7,2019,0
34,10,10,7,2019,0
35,10,10,7,2019,11223
36,10,10,7,2019,11530
37,10,10,7,2019,0
38,10,10,7,2019,0
39,10,10,7,2019,7128
40,10,10,7,2019,7969
1,10,10,8,2019,15556
2,10,10,8,2019,15190
3,10,10,8,2019,19671
4,10,10,8,2019,16390
5,10,10,8,2019,15706
6,10,10,8,2019,13782
7,10,10,8,2019,10890
8,10,10,8,2019,11971
9,10,10,8,2019,6006
10,10,10,8,2019,8596
11,10,10,8,2019,4634
12,10,10,8,2019,7385
13,10,10,8,2019,5276
14,10,10,8,2019,7923
15,10,10,8,2019,5627
16,10,10,8,2019,8624
17,10,10,8,2019,5335
18,10,10,8,2019,8421
19,10,10,8,2019,5159
20,10,10,8,2019,7982
21,10,10,8,2019,6197
22,10,10,8,2019,8126
23,10,10,8,2019,6988
24,10,10,8,2019,8526
25,10,10,8,2019,7596
26,10,10,8,2019,8434
27,10,10,8,2019,7016
28,10,10,8,2019,8259
29,10,10,8,2019,5663
30,10,10,8,2019,6504
31,10,10,8,2019,3576
32,10,10,8,2019,4296
33,10,10,8,2019,0
34,10,10,8,2019,0
35,10,10,8,2019,2149
36,10,10,8,2019,2909
37,10,10,8,2019,12721
38,10,10,8,2019,11989
39,10,10,8,2019,1269
40,10,10,8,2019,1807
1,8,8,5,2017,557134
2,8,8,5,2017,498090
3,8,8,5,2017,23967
4,8,8,5,2017,18474
5,8,8,5,2017,14454
6,8,8,5,2017,11711
7,8,8,5,2017,11813
8,8,8,5,2017,8662
9,8,8,5,2017,11043
10,8,8,5,2017,7086
11,8,8,5,2017,10656
12,8,8,5,2017,7098
13,8,8,5,2017,12215
14,8,8,5,2017,7258
15,8,8,5,2017,12402
16,8,8,5,2017,7863
17,8,8,5,2017,11549
18,8,8,5,2017,7624
19,8,8,5,2017,13552
20,8,8,5,2017,8637
21,8,8,5,2017,19473
22,8,8,5,2017,12245
23,8,8,5,2017,24227
24,8,8,5,2017,15652
25,8,8,5,2017,30080
26,8,8,5,2017,20028
27,8,8,5,2017,28190
28,8,8,5,2017,20587
29,8,8,5,2017,22676
30,8,8,5,2017,19636
31,8,8,5,2017,17455
32,8,8,5,2017,15930
33,8,8,5,2017,426823
34,8,8,5,2017,385333
35,8,8,5,2017,11804
36,8,8,5,2017,12084
37,8,8,5,2017,61920
38,8,8,5,2017,51459
39,8,8,5,2017,7194
40,8,8,5,2017,8228
1,11,11,6,2020,19067
2,11,11,6,2020,21286
3,11,11,6,2020,20689
4,11,11,6,2020,17378
5,11,11,6,2020,16844
6,11,11,6,2020,14711
7,11,11,6,2020,14633
8,11,11,6,2020,15044
9,11,11,6,2020,10542
10,11,11,6,2020,12172
11,11,11,6,2020,9857
12,11,11,6,2020,11434
13,11,11,6,2020,11577
14,11,11,6,2020,12828
15,11,11,6,2020,12781
16,11,11,6,2020,14265
17,11,11,6,2020,13421
18,11,11,6,2020,14263
19,11,11,6,2020,15243
20,11,11,6,2020,14723
21,11,11,6,2020,21818
22,11,11,6,2020,18328
23,11,11,6,2020,28542
24,11,11,6,2020,22524
25,11,11,6,2020,36193
26,11,11,6,2020,27047
27,11,11,6,2020,36335
28,11,11,6,2020,29398
29,11,11,6,2020,32838
30,11,11,6,2020,28097
31,11,11,6,2020,21354
32,11,11,6,2020,20109
33,11,11,6,2020,2293
34,11,11,6,2020,4643
35,11,11,6,2020,13756
36,11,11,6,2020,15248
37,11,11,6,2020,13308
38,11,11,6,2020,12562
39,11,11,6,2020,8871
40,11,11,6,2020,10602
1,11,11,7,2020,0
2,11,11,7,2020,0
3,11,11,7,2020,0
4,11,11,7,2020,0
5,11,11,7,2020,0
6,11,11,7,2020,0
7,11,11,7,2020,2816
8,11,11,7,2020,2172
9,11,11,7,2020,3607
10,11,11,7,2020,2656
11,11,11,7,2020,4242
12,11,11,7,2020,3117
13,11,11,7,2020,5172
14,11,11,7,2020,3841
15,11,11,7,2020,5962
16,11,11,7,2020,4411
17,11,11,7,2020,6979
18,11,11,7,2020,4713
19,11,11,7,2020,9177
20,11,11,7,2020,5890
21,11,11,7,2020,14703
22,11,11,7,2020,9384
23,11,11,7,2020,20325
24,11,11,7,2020,12761
25,11,11,7,2020,27951
26,11,11,7,2020,17399
27,11,11,7,2020,28451
28,11,11,7,2020,19724
29,11,11,7,2020,26263
30,11,11,7,2020,20259
31,11,11,7,2020,17278
32,11,11,7,2020,15072
33,11,11,7,2020,0
34,11,11,7,2020,0
35,11,11,7,2020,11322
36,11,11,7,2020,11809
37,11,11,7,2020,0
38,11,11,7,2020,0
39,11,11,7,2020,7386
40,11,11,7,2020,8407
1,11,11,8,2020,14974
2,11,11,8,2020,14675
3,11,11,8,2020,19901
4,11,11,8,2020,16576
5,11,11,8,2020,16171
6,11,11,8,2020,14156
7,11,11,8,2020,10965
8,11,11,8,2020,12088
9,11,11,8,2020,5914
10,11,11,8,2020,8506
11,11,11,8,2020,4570
12,11,11,8,2020,7275
13,11,11,8,2020,5188
14,11,11,8,2020,7808
15,11,11,8,2020,5609
16,11,11,8,2020,8616
17,11,11,8,2020,5351
18,11,11,8,2020,8441
19,11,11,8,2020,5010
20,11,11,8,2020,7808
21,11,11,8,2020,5714
22,11,11,8,2020,7708
23,11,11,8,2020,6509
24,11,11,8,2020,8186
25,11,11,8,2020,7027
26,11,11,8,2020,8367
27,11,11,8,2020,6653
28,11,11,8,2020,8278
29,11,11,8,2020,5561
30,11,11,8,2020,6801
31,11,11,8,2020,3499
32,11,11,8,2020,4364
33,11,11,8,2020,0
34,11,11,8,2020,0
35,11,11,8,2020,2089
36,11,11,8,2020,2995
37,11,11,8,2020,12328
38,11,11,8,2020,11654
39,11,11,8,2020,1267
40,11,11,8,2020,1917
1,9,9,5,2018,516946
2,9,9,5,2018,457088
3,9,9,5,2018,24305
4,9,9,5,2018,18531
5,9,9,5,2018,14649
6,9,9,5,2018,11833
7,9,9,5,2018,11629
8,9,9,5,2018,9036
9,9,9,5,2018,10898
10,9,9,5,2018,7271
11,9,9,5,2018,10274
12,9,9,5,2018,6995
13,9,9,5,2018,12415
14,9,9,5,2018,7545
15,9,9,5,2018,12718
16,9,9,5,2018,8190
17,9,9,5,2018,11942
18,9,9,5,2018,7997
19,9,9,5,2018,13476
20,9,9,5,2018,8683
21,9,9,5,2018,19105
22,9,9,5,2018,12089
23,9,9,5,2018,24597
24,9,9,5,2018,15929
25,9,9,5,2018,30343
26,9,9,5,2018,20281
27,9,9,5,2018,29535
28,9,9,5,2018,21735
29,9,9,5,2018,24714
30,9,9,5,2018,21179
31,9,9,5,2018,17464
32,9,9,5,2018,16212
33,9,9,5,2018,396975
34,9,9,5,2018,353997
35,9,9,5,2018,12094
36,9,9,5,2018,12383
37,9,9,5,2018,57380
38,9,9,5,2018,47676
39,9,9,5,2018,7354
40,9,9,5,2018,8434
1,13,13,6,2022,18488
2,13,13,6,2022,21636
3,13,13,6,2022,20640
4,13,13,6,2022,17638
5,13,13,6,2022,18287
6,13,13,6,2022,16347
7,13,13,6,2022,14524
8,13,13,6,2022,15626
9,13,13,6,2022,10106
10,13,13,6,2022,12490
11,13,13,6,2022,9372
12,13,13,6,2022,11519
13,13,13,6,2022,10810
14,13,13,6,2022,12758
15,13,13,6,2022,12624
16,13,13,6,2022,14713
17,13,13,6,2022,13493
18,13,13,6,2022,15317
19,13,13,6,2022,14863
20,13,13,6,2022,15466
21,13,13,6,2022,19776
22,13,13,6,2022,18258
23,13,13,6,2022,26742
24,13,13,6,2022,24194
25,13,13,6,2022,34376
26,13,13,6,2022,28890
27,13,13,6,2022,35344
28,13,13,6,2022,31245
29,13,13,6,2022,34485
30,13,13,6,2022,31400
31,13,13,6,2022,20851
32,13,13,6,2022,21393
33,13,13,6,2022,2452
34,13,13,6,2022,5286
35,13,13,6,2022,14020
36,13,13,6,2022,16086
37,13,13,6,2022,12671
38,13,13,6,2022,12231
39,13,13,6,2022,8367
40,13,13,6,2022,10728
1,13,13,7,2022,0
2,13,13,7,2022,0
3,13,13,7,2022,0
4,13,13,7,2022,0
5,13,13,7,2022,0
6,13,13,7,2022,0
7,13,13,7,2022,2521
8,13,13,7,2022,2262
9,13,13,7,2022,3206
10,13,13,7,2022,2771
11,13,13,7,2022,3916
12,13,13,7,2022,3128
13,13,13,7,2022,4745
14,13,13,7,2022,3823
15,13,13,7,2022,5776
16,13,13,7,2022,4579
17,13,13,7,2022,6819
18,13,13,7,2022,5083
19,13,13,7,2022,8778
20,13,13,7,2022,6229
21,13,13,7,2022,13238
22,13,13,7,2022,9436
23,13,13,7,2022,18990
24,13,13,7,2022,13918
25,13,13,7,2022,26465
26,13,13,7,2022,18777
27,13,13,7,2022,27692
28,13,13,7,2022,21197
29,13,13,7,2022,27580
30,13,13,7,2022,22862
31,13,13,7,2022,16899
32,13,13,7,2022,16216
33,13,13,7,2022,0
34,13,13,7,2022,0
35,13,13,7,2022,11560
36,13,13,7,2022,12610
37,13,13,7,2022,0
38,13,13,7,2022,0
39,13,13,7,2022,6984
40,13,13,7,2022,8612
1,13,13,8,2022,14264
2,13,13,8,2022,14226
3,13,13,8,2022,19898
4,13,13,8,2022,16796
5,13,13,8,2022,17643
6,13,13,8,2022,15699
7,13,13,8,2022,11212
8,13,13,8,2022,12527
9,13,13,8,2022,5910
10,13,13,8,2022,8640
11,13,13,8,2022,4466
12,13,13,8,2022,7354
13,13,13,8,2022,4923
14,13,13,8,2022,7769
15,13,13,8,2022,5656
16,13,13,8,2022,8863
17,13,13,8,2022,5580
18,13,13,8,2022,9044
19,13,13,8,2022,5051
20,13,13,8,2022,8152
21,13,13,8,2022,5279
22,13,13,8,2022,7603
23,13,13,8,2022,6160
24,13,13,8,2022,8578
25,13,13,8,2022,6750
26,13,13,8,2022,8737
27,13,13,8,2022,6448
28,13,13,8,2022,8570
29,13,13,8,2022,5839
30,13,13,8,2022,7386
31,13,13,8,2022,3390
32,13,13,8,2022,4467
33,13,13,8,2022,0
34,13,13,8,2022,0
35,13,13,8,2022,2110
36,13,13,8,2022,3012
37,13,13,8,2022,11702
38,13,13,8,2022,11246
39,13,13,8,2022,1180
40,13,13,8,2022,1839
1,12,12,6,2021,18842
2,12,12,6,2021,21661
3,12,12,6,2021,20776
4,12,12,6,2021,17652
5,12,12,6,2021,17691
6,12,12,6,2021,15560
7,12,12,6,2021,15047
8,12,12,6,2021,15430
9,12,12,6,2021,10762
10,12,12,6,2021,12642
11,12,12,6,2021,9783
12,12,12,6,2021,11695
13,12,12,6,2021,11425
14,12,12,6,2021,13029
15,12,12,6,2021,12983
16,12,12,6,2021,14603
17,12,12,6,2021,13790
18,12,12,6,2021,14836
19,12,12,6,2021,15404
20,12,12,6,2021,15270
21,12,12,6,2021,21427
22,12,12,6,2021,18635
23,12,12,6,2021,28945
24,12,12,6,2021,24431
25,12,12,6,2021,37299
26,12,12,6,2021,30133
27,12,12,6,2021,38434
28,12,12,6,2021,33282
29,12,12,6,2021,36188
30,12,12,6,2021,32922
31,12,12,6,2021,23050
32,12,12,6,2021,23133
33,12,12,6,2021,2350
34,12,12,6,2021,4998
35,12,12,6,2021,14644
36,12,12,6,2021,17109
37,12,12,6,2021,13041
38,12,12,6,2021,12509
39,12,12,6,2021,8990
40,12,12,6,2021,11542
1,12,12,7,2021,0
2,12,12,7,2021,0
3,12,12,7,2021,0
4,12,12,7,2021,0
5,12,12,7,2021,0
6,12,12,7,2021,0
7,12,12,7,2021,2897
8,12,12,7,2021,2290
9,12,12,7,2021,3663
10,12,12,7,2021,2878
11,12,12,7,2021,4186
12,12,12,7,2021,3232
13,12,12,7,2021,5056
14,12,12,7,2021,3972
15,12,12,7,2021,6020
16,12,12,7,2021,4565
17,12,12,7,2021,7072
18,12,12,7,2021,4924
19,12,12,7,2021,9146
20,12,12,7,2021,6176
21,12,12,7,2021,14325
22,12,12,7,2021,9659
23,12,12,7,2021,20475
24,12,12,7,2021,14077
25,12,12,7,2021,28611
26,12,12,7,2021,19669
27,12,12,7,2021,29916
28,12,12,7,2021,22599
29,12,12,7,2021,28740
30,12,12,7,2021,23987
31,12,12,7,2021,18539
32,12,12,7,2021,17500
33,12,12,7,2021,0
34,12,12,7,2021,0
35,12,12,7,2021,11983
36,12,12,7,2021,13361
37,12,12,7,2021,0
38,12,12,7,2021,0
39,12,12,7,2021,7450
40,12,12,7,2021,9224
1,12,12,8,2021,14693
2,12,12,8,2021,14558
3,12,12,8,2021,20006
4,12,12,8,2021,16823
5,12,12,8,2021,17002
6,12,12,8,2021,14934
7,12,12,8,2021,11254
8,12,12,8,2021,12302
9,12,12,8,2021,6024
10,12,12,8,2021,8661
11,12,12,8,2021,4554
12,12,12,8,2021,7396
13,12,12,8,2021,5159
14,12,12,8,2021,7850
15,12,12,8,2021,5720
16,12,12,8,2021,8767
17,12,12,8,2021,5591
18,12,12,8,2021,8758
19,12,12,8,2021,5183
20,12,12,8,2021,8025
21,12,12,8,2021,5719
22,12,12,8,2021,7727
23,12,12,8,2021,6725
24,12,12,8,2021,8630
25,12,12,8,2021,7415
26,12,12,8,2021,9016
27,12,12,8,2021,7187
28,12,12,8,2021,9085
29,12,12,8,2021,6308
30,12,12,8,2021,7722
31,12,12,8,2021,3876
32,12,12,8,2021,4862
33,12,12,8,2021,0
34,12,12,8,2021,0
35,12,12,8,2021,2286
36,12,12,8,2021,3253
37,12,12,8,2021,12055
38,12,12,8,2021,11527
39,12,12,8,2021,1318
40,12,12,8,2021,2018
1,10,10,5,2019,487971
2,10,10,5,2019,424102
3,10,10,5,2019,24564
4,10,10,5,2019,18582
5,10,10,5,2019,14753
6,10,10,5,2019,11862
7,10,10,5,2019,11564
8,10,10,5,2019,9190
9,10,10,5,2019,10973
10,10,10,5,2019,7386
11,10,10,5,2019,10326
12,10,10,5,2019,6815
13,10,10,5,2019,12961
14,10,10,5,2019,7410
15,10,10,5,2019,13540
16,10,10,5,2019,8348
17,10,10,5,2019,12618
18,10,10,5,2019,8263
19,10,10,5,2019,13528
20,10,10,5,2019,8685
21,10,10,5,2019,18547
22,10,10,5,2019,11693
23,10,10,5,2019,24800
24,10,10,5,2019,15940
25,10,10,5,2019,30386
26,10,10,5,2019,20476
27,10,10,5,2019,30712
28,10,10,5,2019,22654
29,10,10,5,2019,26851
30,10,10,5,2019,22561
31,10,10,5,2019,17767
32,10,10,5,2019,16569
33,10,10,5,2019,374823
34,10,10,5,2019,328463
35,10,10,5,2019,12573
36,10,10,5,2019,12665
37,10,10,5,2019,54546
38,10,10,5,2019,45100
39,10,10,5,2019,7712
40,10,10,5,2019,8673
1,14,14,6,2023,18415
2,14,14,6,2023,22330
3,14,14,6,2023,20391
4,14,14,6,2023,17543
5,14,14,6,2023,19193
6,14,14,6,2023,17239
7,14,14,6,2023,14941
8,14,14,6,2023,15931
9,14,14,6,2023,10293
10,14,14,6,2023,12773
11,14,14,6,2023,9314
12,14,14,6,2023,11719
13,14,14,6,2023,10781
14,14,14,6,2023,13102
15,14,14,6,2023,12728
16,14,14,6,2023,15281
17,14,14,6,2023,13898
18,14,14,6,2023,16202
19,14,14,6,2023,15345
20,14,14,6,2023,16434
21,14,14,6,2023,19864
22,14,14,6,2023,18973
23,14,14,6,2023,26850
24,14,14,6,2023,25098
25,14,14,6,2023,34148
26,14,14,6,2023,29673
27,14,14,6,2023,35911
28,14,14,6,2023,32587
29,14,14,6,2023,35025
30,14,14,6,2023,33163
31,14,14,6,2023,21926
32,14,14,6,2023,22940
33,14,14,6,2023,2651
34,14,14,6,2023,5880
35,14,14,6,2023,14392
36,14,14,6,2023,17347
37,14,14,6,2023,12341
38,14,14,6,2023,12097
39,14,14,6,2023,8451
40,14,14,6,2023,11361
1,14,14,7,2023,0
2,14,14,7,2023,0
3,14,14,7,2023,0
4,14,14,7,2023,0
5,14,14,7,2023,0
6,14,14,7,2023,0
7,14,14,7,2023,2570
8,14,14,7,2023,2319
9,14,14,7,2023,3231
10,14,14,7,2023,2864
11,14,14,7,2023,3866
12,14,14,7,2023,3250
13,14,14,7,2023,4735
14,14,14,7,2023,3995
15,14,14,7,2023,5847
16,14,14,7,2023,4765
17,14,14,7,2023,7036
18,14,14,7,2023,5412
19,14,14,7,2023,9076
20,14,14,7,2023,6677
21,14,14,7,2023,13325
22,14,14,7,2023,9846
23,14,14,7,2023,19137
24,14,14,7,2023,14496
25,14,14,7,2023,26384
26,14,14,7,2023,19366
27,14,14,7,2023,28248
28,14,14,7,2023,22151
29,14,14,7,2023,28146
30,14,14,7,2023,24190
31,14,14,7,2023,17849
32,14,14,7,2023,17408
33,14,14,7,2023,0
34,14,14,7,2023,0
35,14,14,7,2023,11909
36,14,14,7,2023,13619
37,14,14,7,2023,0
38,14,14,7,2023,0
39,14,14,7,2023,7082
40,14,14,7,2023,9131
1,14,14,8,2023,13919
2,14,14,8,2023,14119
3,14,14,8,2023,19662
4,14,14,8,2023,16665
5,14,14,8,2023,18508
6,14,14,8,2023,16530
7,14,14,8,2023,11560
8,14,14,8,2023,12748
9,14,14,8,2023,6052
10,14,14,8,2023,8783
11,14,14,8,2023,4467
12,14,14,8,2023,7391
13,14,14,8,2023,4896
14,14,14,8,2023,7877
15,14,14,8,2023,5670
16,14,14,8,2023,9171
17,14,14,8,2023,5728
18,14,14,8,2023,9504
19,14,14,8,2023,5192
20,14,14,8,2023,8577
21,14,14,8,2023,5268
22,14,14,8,2023,7831
23,14,14,8,2023,6108
24,14,14,8,2023,8815
25,14,14,8,2023,6605
26,14,14,8,2023,8881
27,14,14,8,2023,6429
28,14,14,8,2023,8876
29,14,14,8,2023,5788
30,14,14,8,2023,7736
31,14,14,8,2023,3479
32,14,14,8,2023,4757
33,14,14,8,2023,0
34,14,14,8,2023,0
35,14,14,8,2023,2120
36,14,14,8,2023,3216
37,14,14,8,2023,11356
38,14,14,8,2023,11029
39,14,14,8,2023,1163
40,14,14,8,2023,1932
1,11,11,5,2020,404416
2,11,11,5,2020,348330
3,11,11,5,2020,21729
4,11,11,5,2020,16624
5,11,11,5,2020,13972
6,11,11,5,2020,11185
7,11,11,5,2020,11478
8,11,11,5,2020,8661
9,11,11,5,2020,10850
10,11,11,5,2020,7124
11,11,11,5,2020,9887
12,11,11,5,2020,6208
13,11,11,5,2020,12446
14,11,11,5,2020,6597
15,11,11,5,2020,13027
16,11,11,5,2020,7493
17,11,11,5,2020,12227
18,11,11,5,2020,7277
19,11,11,5,2020,12559
20,11,11,5,2020,7561
21,11,11,5,2020,16566
22,11,11,5,2020,10040
23,11,11,5,2020,22891
24,11,11,5,2020,14385
25,11,11,5,2020,27939
26,11,11,5,2020,19909
27,11,11,5,2020,29704
28,11,11,5,2020,23001
29,11,11,5,2020,27185
30,11,11,5,2020,23895
31,11,11,5,2020,17791
32,11,11,5,2020,16940
33,11,11,5,2020,312739
34,11,11,5,2020,271458
35,11,11,5,2020,12408
36,11,11,5,2020,13134
37,11,11,5,2020,43582
38,11,11,5,2020,35977
39,11,11,5,2020,7597
40,11,11,5,2020,8828
1,13,13,5,2022,413006
2,13,13,5,2022,343754
3,13,13,5,2022,20239
4,13,13,5,2022,16129
5,13,13,5,2022,13021
6,13,13,5,2022,11913
7,13,13,5,2022,9747
8,13,13,5,2022,8437
9,13,13,5,2022,8827
10,13,13,5,2022,6718
11,13,13,5,2022,8557
12,13,13,5,2022,5351
13,13,13,5,2022,10577
14,13,13,5,2022,5789
15,13,13,5,2022,11891
16,13,13,5,2022,6955
17,13,13,5,2022,11254
18,13,13,5,2022,7161
19,13,13,5,2022,11239
20,13,13,5,2022,7424
21,13,13,5,2022,13620
22,13,13,5,2022,9138
23,13,13,5,2022,19717
24,13,13,5,2022,14448
25,13,13,5,2022,25096
26,13,13,5,2022,19646
27,13,13,5,2022,27517
28,13,13,5,2022,22840
29,13,13,5,2022,27340
30,13,13,5,2022,24307
31,13,13,5,2022,16595
32,13,13,5,2022,16421
33,13,13,5,2022,323918
34,13,13,5,2022,271760
35,13,13,5,2022,11979
36,13,13,5,2022,12553
37,13,13,5,2022,42080
38,13,13,5,2022,33955
39,13,13,5,2022,7159
40,13,13,5,2022,8463
1,12,12,5,2021,368763
2,12,12,5,2021,313591
3,12,12,5,2021,20853
4,12,12,5,2021,16263
5,12,12,5,2021,14020
6,12,12,5,2021,11813
7,12,12,5,2021,11906
8,12,12,5,2021,8967
9,12,12,5,2021,10779
10,12,12,5,2021,7580
11,12,12,5,2021,9595
12,12,12,5,2021,6104
13,12,12,5,2021,11675
14,12,12,5,2021,6400
15,12,12,5,2021,12562
16,12,12,5,2021,7261
17,12,12,5,2021,11974
18,12,12,5,2021,7178
19,12,12,5,2021,12153
20,12,12,5,2021,7483
21,12,12,5,2021,15434
22,12,12,5,2021,9744
23,12,12,5,2021,22221
24,12,12,5,2021,15208
25,12,12,5,2021,27822
26,12,12,5,2021,21615
27,12,12,5,2021,30588
28,12,12,5,2021,25398
29,12,12,5,2021,29183
30,12,12,5,2021,26833
31,12,12,5,2021,18592
32,12,12,5,2021,18648
33,12,12,5,2021,284487
34,12,12,5,2021,244280
35,12,12,5,2021,12740
36,12,12,5,2021,14056
37,12,12,5,2021,40161
38,12,12,5,2021,32705
39,12,12,5,2021,7505
40,12,12,5,2021,9158
1,14,14,5,2023,441495
2,14,14,5,2023,369099
3,14,14,5,2023,20048
4,14,14,5,2023,16423
5,14,14,5,2023,13930
6,14,14,5,2023,12861
7,14,14,5,2023,10234
8,14,14,5,2023,8712
9,14,14,5,2023,9117
10,14,14,5,2023,6907
11,14,14,5,2023,8684
12,14,14,5,2023,5588
13,14,14,5,2023,10664
14,14,14,5,2023,6114
15,14,14,5,2023,12237
16,14,14,5,2023,7322
17,14,14,5,2023,11745
18,14,14,5,2023,7656
19,14,14,5,2023,11601
20,14,14,5,2023,7913
21,14,14,5,2023,13846
22,14,14,5,2023,9383
23,14,14,5,2023,19921
24,14,14,5,2023,14675
25,14,14,5,2023,25349
26,14,14,5,2023,19848
27,14,14,5,2023,28036
28,14,14,5,2023,23207
29,14,14,5,2023,28174
30,14,14,5,2023,24864
31,14,14,5,2023,17719
32,14,14,5,2023,17026
33,14,14,5,2023,350143
34,14,14,5,2023,293885
35,14,14,5,2023,12475
36,14,14,5,2023,12889
37,14,14,5,2023,42006
38,14,14,5,2023,34738
39,14,14,5,2023,7571
40,14,14,5,2023,8975
